-- MySQL dump 10.13  Distrib 8.0.21, for Linux (x86_64)
--
-- Host: localhost    Database: maxflix
-- ------------------------------------------------------
-- Server version	8.0.21-0ubuntu0.20.04.4

/*!40101 SET @OLD_CHARACTER_SET_CLIENT=@@CHARACTER_SET_CLIENT */;
/*!40101 SET @OLD_CHARACTER_SET_RESULTS=@@CHARACTER_SET_RESULTS */;
/*!40101 SET @OLD_COLLATION_CONNECTION=@@COLLATION_CONNECTION */;
/*!50503 SET NAMES utf8 */;
/*!40103 SET @OLD_TIME_ZONE=@@TIME_ZONE */;
/*!40103 SET TIME_ZONE='+00:00' */;
/*!40014 SET @OLD_UNIQUE_CHECKS=@@UNIQUE_CHECKS, UNIQUE_CHECKS=0 */;
/*!40014 SET @OLD_FOREIGN_KEY_CHECKS=@@FOREIGN_KEY_CHECKS, FOREIGN_KEY_CHECKS=0 */;
/*!40101 SET @OLD_SQL_MODE=@@SQL_MODE, SQL_MODE='NO_AUTO_VALUE_ON_ZERO' */;
/*!40111 SET @OLD_SQL_NOTES=@@SQL_NOTES, SQL_NOTES=0 */;

--
-- Table structure for table `director`
--

DROP TABLE IF EXISTS `director`;
/*!40101 SET @saved_cs_client     = @@character_set_client */;
/*!50503 SET character_set_client = utf8mb4 */;
CREATE TABLE `director` (
  `id_director` int NOT NULL AUTO_INCREMENT,
  `name` varchar(45) NOT NULL,
  `firstname` varchar(45) NOT NULL,
  `picture` longtext,
  `date_of_birth` date DEFAULT NULL,
  `nationality` varchar(45) DEFAULT NULL,
  PRIMARY KEY (`id_director`)
) ENGINE=InnoDB AUTO_INCREMENT=118 DEFAULT CHARSET=utf8mb4 COLLATE=utf8mb4_0900_ai_ci;
/*!40101 SET character_set_client = @saved_cs_client */;

--
-- Dumping data for table `director`
--

LOCK TABLES `director` WRITE;
/*!40000 ALTER TABLE `director` DISABLE KEYS */;
INSERT INTO `director` VALUES (1,'Tarantino','Quentin','https://upload.wikimedia.org/wikipedia/commons/thumb/0/0b/Quentin_Tarantino_by_Gage_Skidmore.jpg/800px-Quentin_Tarantino_by_Gage_Skidmore.jpg','1963-03-27','Américaine'),(2,'Nolan','Christopher','https://upload.wikimedia.org/wikipedia/commons/thumb/9/95/Christopher_Nolan_Cannes_2018.jpg/220px-Christopher_Nolan_Cannes_2018.jpg','1970-07-30','Américaine'),(3,'Shyamalan','Night','https://upload.wikimedia.org/wikipedia/commons/thumb/9/99/M._Night_Shyamalan_by_Gage_Skidmore.jpg/220px-M._Night_Shyamalan_by_Gage_Skidmore.jpg','1970-08-06','Américaine'),(4,'Hitchcock','Alfred','https://upload.wikimedia.org/wikipedia/commons/thumb/9/94/Hitchcock%2C_Alfred_02.jpg/260px-Hitchcock%2C_Alfred_02.jpg','1970-08-06','Britannique'),(5,'De Palma','Brian','https://commons.wikimedia.org/wiki/File:Brian_De_Palma_(Venice_2007).jpg?uselang=fr','1970-08-06','Américaine'),(6,'Chazelle','Damien','https://commons.wikimedia.org/wiki/File:Damien_Chazelle_(cropped).jpg?uselang=fr','1970-08-06','Franco-Américaine'),(7,'Boyle','Danny','https://upload.wikimedia.org/wikipedia/commons/thumb/1/10/Danny_Boyle_2019_%28cropped%29.jpg/220px-Danny_Boyle_2019_%28cropped%29.jpg','1970-08-06','Britannique'),(8,'Aronofsky','Darren','https://upload.wikimedia.org/wikipedia/commons/thumb/2/29/OIFF_2015-07-17_193547_-_Darren_Aronofsky.jpg/220px-OIFF_2015-07-17_193547_-_Darren_Aronofsky.jpg','1970-08-06','Américaine'),(9,'Fincher','David','https://upload.wikimedia.org/wikipedia/commons/thumb/e/e0/David_Fincher_%282012%29_1.jpg/220px-David_Fincher_%282012%29_1.jpg','1970-08-06','Américaine'),(10,'Villeneuve','Denis','https://upload.wikimedia.org/wikipedia/commons/thumb/6/66/Denis_Villeneuve_Cannes_2018.jpg/220px-Denis_Villeneuve_Cannes_2018.jpg','1970-08-06','Canadien'),(11,'Darabont','Frank','https://www.dvdsreleasedates.com/pictures/800/14000/Frank-Darabont.jpg','1970-08-06','Américaine'),(12,'Romero','George','https://upload.wikimedia.org/wikipedia/commons/thumb/b/bf/George_Romero%2C_66%C3%A8me_Festival_de_Venise_%28Mostra%29.jpg/220px-George_Romero%2C_66%C3%A8me_Festival_de_Venise_%28Mostra%29.jpg','1970-08-06','Américaine'),(13,'Verbinski','Gore','https://upload.wikimedia.org/wikipedia/commons/thumb/b/b8/Gore_Verbinski_1.JPG/220px-Gore_Verbinski_1.JPG','1970-08-06','Américaine'),(14,'Iñárritu','Alejandro','https://upload.wikimedia.org/wikipedia/commons/thumb/4/48/Alejandro_Gonz%C3%A1lez_I%C3%B1%C3%A1rritu_2014.jpg/220px-Alejandro_Gonz%C3%A1lez_I%C3%B1%C3%A1rritu_2014.jpg','1970-08-06','Mexicaine'),(15,'Abrams','Jeffrey Jacob','https://upload.wikimedia.org/wikipedia/commons/thumb/4/4e/J._J._Abrams_by_Gage_Skidmore.jpg/220px-J._J._Abrams_by_Gage_Skidmore.jpg','1970-08-06','Américaine'),(16,'Cameron','James','https://upload.wikimedia.org/wikipedia/commons/thumb/f/fe/James_Cameron_by_Gage_Skidmore.jpg/290px-James_Cameron_by_Gage_Skidmore.jpg','1970-08-06','Canadien'),(17,'Jarmush','Jim','https://upload.wikimedia.org/wikipedia/commons/thumb/9/99/Jim_Jarmusch_Cannes_2016.jpg/220px-Jim_Jarmusch_Cannes_2016.jpg','1970-08-06','Américaine'),(18,'Dante','Joe','https://upload.wikimedia.org/wikipedia/commons/thumb/9/9e/Joe_Dante_66%C3%A8me_Festival_de_Venise_%28Mostra%29_2.jpg/220px-Joe_Dante_66%C3%A8me_Festival_de_Venise_%28Mostra%29_2.jpg','1970-08-06','Américaine'),(19,'Carpenter','John','https://upload.wikimedia.org/wikipedia/commons/thumb/5/58/JohnCarpenter2010.jpg/220px-JohnCarpenter2010.jpg','1970-08-06','Américaine'),(20,'Woo','John','https://upload.wikimedia.org/wikipedia/commons/thumb/0/02/John_Woo_Cannes_2005.jpg/220px-John_Woo_Cannes_2005.jpg','1970-08-06','Chinoise'),(21,'Kubrick','Stanley','https://upload.wikimedia.org/wikipedia/commons/thumb/d/da/KubrickForLook_%28cropped%29.jpg/220px-KubrickForLook_%28cropped%29.jpg','1970-08-06','Américaine'),(22,'Scorsese','Martin','https://upload.wikimedia.org/wikipedia/commons/thumb/4/43/Martin_Scorsese_Tribeca_2007_Shankbone.jpg/220px-Martin_Scorsese_Tribeca_2007_Shankbone.jpg','1970-08-06','Italo-Américaine'),(23,'Reeves','Matt','https://upload.wikimedia.org/wikipedia/commons/thumb/9/9e/Matt_Reeves_by_Gage_Skidmore.jpg/220px-Matt_Reeves_by_Gage_Skidmore.jpg','1970-08-06','Américaine'),(24,'Gibson','Mel','https://upload.wikimedia.org/wikipedia/commons/thumb/5/58/Mel_Gibson_Cannes_2016.jpg/260px-Mel_Gibson_Cannes_2016.jpg','1970-08-06','Américaine'),(25,'Blomkamp','Neill','https://upload.wikimedia.org/wikipedia/commons/thumb/a/ad/NeillBlomkampCCJuly09.jpg/220px-NeillBlomkampCCJuly09.jpg','1970-08-06','Sud-Africaine'),(26,'Farrelly','Peter','https://upload.wikimedia.org/wikipedia/commons/thumb/7/70/Peter_Farrelly_at_the_2009_Tribeca_Film_Festival.jpg/220px-Peter_Farrelly_at_the_2009_Tribeca_Film_Festival.jpg','1970-08-06','Américaine'),(27,'Weir','Peter','https://upload.wikimedia.org/wikipedia/commons/thumb/a/a3/PeterWeirApr2011.jpg/220px-PeterWeirApr2011.jpg','1970-08-06','Australienne'),(28,'Scott','Ridley','https://upload.wikimedia.org/wikipedia/commons/thumb/3/3d/NASA_Journey_to_Mars_and_%E2%80%9CThe_Martian%22_%28201508180030HQ%29.jpg/220px-NASA_Journey_to_Mars_and_%E2%80%9CThe_Martian%22_%28201508180030HQ%29.jpg','1970-08-06','Britannico-Américain'),(29,'Reiner','Rob','https://upload.wikimedia.org/wikipedia/commons/thumb/d/de/Rob_Reiner%2C_Feb._1%2C_2013_%28cropped%29.jpg/220px-Rob_Reiner%2C_Feb._1%2C_2013_%28cropped%29.jpg','1970-08-06','Américaine'),(30,'Rodriguez','Robert','https://upload.wikimedia.org/wikipedia/commons/thumb/a/a1/Robert_Rodriguez_2019.jpg/220px-Robert_Rodriguez_2019.jpg','1970-08-06','Américaine'),(31,'Zemeckis','Robert','https://upload.wikimedia.org/wikipedia/commons/thumb/d/d7/Robert_Zemeckis_%22The_Walk%22_at_Opening_Ceremony_of_the_28th_Tokyo_International_Film_Festival_%2821835891403%29_%28cropped%29.jpg/220px-Robert_Zemeckis_%22The_Walk%22_at_Opening_Ceremony_of_the_28th_Tokyo_International_Film_Festival_%2821835891403%29_%28cropped%29.jpg','1970-08-06','Américaine'),(32,'Emmerich','Roland','https://upload.wikimedia.org/wikipedia/commons/thumb/f/fd/Roland_Emmerich_Deauville_2013.jpg/220px-Roland_Emmerich_Deauville_2013.jpg','1970-08-06','Allemande'),(33,'Jonze','Spkie','https://upload.wikimedia.org/wikipedia/commons/thumb/d/d5/SpikeJonze1SecondFilm.jpg/220px-SpikeJonze1SecondFilm.jpg','1970-08-06','Américaine'),(34,'Lee','Spike','https://upload.wikimedia.org/wikipedia/commons/thumb/e/e4/Spike_Lee_Cannes_2018.jpg/260px-Spike_Lee_Cannes_2018.jpg','1970-08-06','Américaine'),(35,'McQueen','Steve','https://upload.wikimedia.org/wikipedia/commons/thumb/0/0d/12_Years_a_Slave_30_%289733923748%29.jpg/220px-12_Years_a_Slave_30_%289733923748%29.jpg','1970-08-06',NULL),(36,'Spielberg','Steven','https://upload.wikimedia.org/wikipedia/commons/thumb/6/67/Steven_Spielberg_by_Gage_Skidmore.jpg/240px-Steven_Spielberg_by_Gage_Skidmore.jpg','1970-08-06','Américaine'),(37,'Burton','Tim','https://upload.wikimedia.org/wikipedia/commons/thumb/1/19/Tim_Burton_Frankenweenie_2012_3.jpg/220px-Tim_Burton_Frankenweenie_2012_3.jpg','1970-08-06','Américaine'),(38,'Petersen','Wolfgang','https://upload.wikimedia.org/wikipedia/commons/thumb/1/17/Wolfgang_Petersen.jpg/220px-Wolfgang_Petersen.jpg','1970-08-06','Allemande'),(39,'Allen','Woody','https://upload.wikimedia.org/wikipedia/commons/thumb/7/7a/Woody-Allen-2015-07-18-by-Adam-Bielawski.jpg/220px-Woody-Allen-2015-07-18-by-Adam-Bielawski.jpg','1970-08-06','Américaine'),(40,'Dolan','Xavier','https://upload.wikimedia.org/wikipedia/commons/thumb/2/2e/Xavier_Dolan_Cannes_2016.jpg/220px-Xavier_Dolan_Cannes_2016.jpg','1970-08-06','Canadienne'),(100,'Wright','Edgar','https://upload.wikimedia.org/wikipedia/commons/thumb/4/49/Edgar_Wright_%2835706257512%29.jpg/220px-Edgar_Wright_%2835706257512%29.jpg','1974-04-18','Britannique');
/*!40000 ALTER TABLE `director` ENABLE KEYS */;
UNLOCK TABLES;

--
-- Table structure for table `movie`
--

DROP TABLE IF EXISTS `movie`;
/*!40101 SET @saved_cs_client     = @@character_set_client */;
/*!50503 SET character_set_client = utf8mb4 */;
CREATE TABLE `movie` (
  `id_movie` int NOT NULL AUTO_INCREMENT,
  `title` varchar(200) NOT NULL,
  `year` int NOT NULL,
  `poster` text,
  `link` text,
  `kind` varchar(45) DEFAULT NULL,
  `synopsis` longtext,
  `actors` longtext,
  `director_id_director` int NOT NULL,
  PRIMARY KEY (`id_movie`,`director_id_director`),
  KEY `fk_movie_director1_idx` (`director_id_director`),
  CONSTRAINT `fk_movie_director1` FOREIGN KEY (`director_id_director`) REFERENCES `director` (`id_director`) ON DELETE CASCADE ON UPDATE CASCADE
) ENGINE=InnoDB AUTO_INCREMENT=199 DEFAULT CHARSET=utf8mb4 COLLATE=utf8mb4_0900_ai_ci;
/*!40101 SET character_set_client = @saved_cs_client */;

--
-- Dumping data for table `movie`
--

LOCK TABLES `movie` WRITE;
/*!40000 ALTER TABLE `movie` DISABLE KEYS */;
INSERT INTO `movie` VALUES (1,'Reservoir dogs',1992,'https://encrypted-tbn3.gstatic.com/images?q=tbn:ANd9GcT3RrulkNF2moV82uya1er95c37CvJFxiNLQsqGyOCBJ4kEslRi','','Gangster','Six truands désignés par des noms de code entreprennent de dévaliser une importante bijouterie sous la direction du tyrannique Joe Cabot et de son fils Nice Guy Eddie. L\'opération échoue malencontreusement et se solde par un bain de sang. Les malfrats se réfugient alors dans un entrepôt sordide. Mr Orange est grièvement blessé. Mr Pink, quant à lui, est d\'avis qu\'il existe un traître parmi eux. Mr Blonde, un psychopathe, entend bien faire parler le policier qu\'il a réussi à capturer.',NULL,1),(2,'Pulp fiction',1994,'https://encrypted-tbn3.gstatic.com/images?q=tbn:ANd9GcSGw-c9ffkpqa3-Yp0JZr-cHWPT79M8NPuLZHX4bnYoqXZGaDTy',NULL,'Gangster, Comédie noire','L\'odyssée sanglante et burlesque de petits malfrats dans la jungle de Hollywood à travers trois histoires qui s\'entremêlent. Dans un restaurant, un couple de jeunes braqueurs, Pumpkin et Yolanda, discutent des risques que comporte leur activité. Deux truands, Jules Winnfield et son ami Vincent Vega, qui revient d\'Amsterdam, ont pour mission de récupérer une mallette au contenu mystérieux et de la rapporter à Marsellus Wallace.',NULL,1),(3,'Kill Bill volume I',2003,'https://encrypted-tbn2.gstatic.com/images?q=tbn:ANd9GcTN3BErqTsHT-K04smobHfFYli-4zXE9AtutApi5etA-dhi3aqm',NULL,'Action','Au cours d\'une cérémonie de mariage en plein désert, un commando fait irruption dans la chapelle et tire sur les convives. Laissée pour morte, la Mariée enceinte retrouve ses esprits après un coma de quatre ans. Celle qui a auparavant exercé les fonctions de tueuse à gages au sein du Détachement International des Vipères Assassines n\'a alors plus qu\'une seule idée en tête : venger la mort de ses proches en éliminant tous les membres de l\'organisation criminelle.',NULL,1),(4,'Kill Bill volume II',2004,'https://encrypted-tbn1.gstatic.com/images?q=tbn:ANd9GcTGTnWmqH0mT0kcOxU3CrTkCB_e7S4bThjRruRUXrcGh3lXy1TA',NULL,'Thriller','Après sa sanglante escapade japonaise, La Mariée revient aux États-Unis afin de se venger une fois pour toutes de Bill. Pourtant, la quête est loin d\'être terminée et les deux derniers lieutenants de son ennemi, Budd et Elle Driver, se dressent sur son chemin. La route de la vengeance est longue pour La Mariée qui devra se souvenir des apprentissages de Paï-Meï, son maître de kung fu.',NULL,1),(5,'Death proof',2007,'https://fr.web.img5.acsta.net/medias/nmedia/18/62/88/98/18766087.jpg',NULL,'Thriller','C\'est à la tombée du jour que Jungle Julia, la DJ la plus sexy d\'Austin, peut enfin se détendre avec ses meilleures copines, Shanna et Arlene. Ce trio infernal, qui vit la nuit, attire les regards dans tous les bars et dancings du Texas. L\'attention dont ces trois jeunes femmes sont l\'objet n\'est pas forcément innocente.',NULL,1),(6,'Inglourious basterd',2009,'https://encrypted-tbn0.gstatic.com/images?q=tbn:ANd9GcT5x1NWVl2HAGSGSNyC6Ey7ZNQuSx6l0jZtwfF1fvUYaLxHfCz2','','Guerre','Dans la France occupée de 1940, Shosanna Dreyfus assiste à l\'exécution de sa famille tombée entre les mains du colonel nazi Hans Landa. Shosanna s\'échappe de justesse et s\'enfuit à Paris où elle se construit une nouvelle identité en devenant exploitante d\'une salle de cinéma. Quelque part ailleurs en Europe, le lieutenant Aldo Raine forme un groupe de soldats juifs américains pour mener des actions punitives particulièrement sanglantes contre les nazis.',NULL,1),(7,'Django unchained',2012,'https://encrypted-tbn0.gstatic.com/images?q=tbn:ANd9GcSaKWQt2piQJ7IwdSSMh5gp4QyiqD1ZiCRDUJwd-BKvr7Z-HbwS',NULL,'Western','Un ancien esclave s\'associe avec un chasseur de primes d\'origine allemande qui l\'a libéré : il accepte de traquer avec lui des criminels recherchés. En échange, il l\'aidera à retrouver sa femme perdue depuis longtemps et esclave elle-aussi. Un western décoiffant.',NULL,1),(8,'Split',2016,'https://encrypted-tbn0.gstatic.com/images?q=tbn:ANd9GcSWypxof3RnQXkIBOvUkEcOaXP2l0Ue9MVB92zgD8z4BYjekmlg',NULL,'Americaine','Les fractures mentales des personnes présentant un trouble dissociatif de la personnalité ont longtemps fasciné et échappé à la science, il se dit que certains peuvent également manifester des attributs physiques uniques pour chaque personnalité. Kevin a manifesté 23 personnalités devant son psychiatre de longue date, le Dr Fletcher mais il en reste une, immergée, qui commence à se matérialiser et à dominer toutes les autres. Contraint d\'enlever trois adolescentes.',NULL,3),(9,'Glass',2019,'https://encrypted-tbn1.gstatic.com/images?q=tbn:ANd9GcTH-KKEldJQVLr4AXZGL60lIiDBdwDeewymMEgnCdXJr_W6gv7r',NULL,'Americaine','Peu de temps après les événements relatés dans Split, David Dunn, l\'homme incassable, poursuit sa traque de La Bête, surnom donné à Kevin Crumb depuis qu\'on le sait capable d\'endosser 23 personnalités différentes. De son côté, le mystérieux homme souffrant du syndrome des os de verre Elijah Price suscite à nouveau l\'intérêt des forces de l\'ordre en affirmant détenir des informations capitales sur les deux hommes.',NULL,3),(10,'Tenet',2020,'https://encrypted-tbn3.gstatic.com/images?q=tbn:ANd9GcTcGEIJlnkIIMl4WYKc08fere3CwRPVKUxJfF3am8RTI-g_5nbT',NULL,'Americaine','Chacun de ses films sont dordinaire très attendus, et avec un été privé de blockbuster, il est carrément vu comme un messie pouvant raviver la fréquentation en berne des salles de cinéma: *Christopher Nolan* nous revient avec son nouveau puzzle quantique intitulé *Tenet*. Mais cette fois-ci, il est fort probable que le film divise très fortement.',NULL,2),(11,'Dunkerque',2017,'https://encrypted-tbn1.gstatic.com/images?q=tbn:ANd9GcRfdGP3fKmLYkDK2x6log0Ujuui9inV36i4CMXZ6FWBWXgsmC28',NULL,'Americaine','Au début de la Seconde Guerre mondiale, en mai 1940, des troupes alliées se retrouvent encerclées par les troupes allemandes à Dunkerque, en France. L\'Opération Dynamo est mise en place pour évacuer le Corps expéditionnaire britannique (CEB) vers l\'Angleterre.',NULL,2),(12,'Sueurs froides',1958,'https://upload.wikimedia.org/wikipedia/commons/thumb/7/75/Vertigomovie_restoration.jpg/800px-Vertigomovie_restoration.jpg','','Drame','Scottie, inspecteur de police, a été limogé parce qu\'il est sujet au vertige. Un de ses vieux amis le charge de surveiller sa très belle femme, Madeleine, dont le comportement étrange lui fait craindre qu\'elle ne se suicide. Scottie la prend en filature, la sauve d\'une noyade volontaire puis s\'éprend d\'elle. Cependant, en raison de sa peur du vide, il ne parvient pas à l\'empêcher de se précipiter du haut d\'un clocher.','',4),(13,'Agent secret',1936,'https://thehitchcockreport.files.wordpress.com/2010/06/551.jpg',NULL,'Espionnage','Propriétaire d\'un cinéma londonien, Carl Verloc vit avec sa femme Sylvia et le frère de celle-ci, un enfant nommé Steve. Surveillé par le détective Ted, Carl confie au jeune Steve la livraison d\'une bombe.',NULL,4),(14,'Scarface',1984,'https://encrypted-tbn3.gstatic.com/images?q=tbn:ANd9GcSJlbm-b-o2ZmA8_PsI9O7RjOC2IYgLbOl1CY8BKqd1HFkIghNz',NULL,'Gangster','En mai 1980, Fidel Castro autorise les opposants qui le souhaitent à quitter Cuba. Il en profite pour envoyer vers les États-Unis les malfrats devenus indésirables dans l\'île. C\'est ainsi que Tony Montana, un tueur mégalomane, se met à vivre son rêve américain. En deux temps, trois mouvements, il devient le bras droit de Frank Lopez, un magnat de la drogue, qu\'il ne tarde pas à éliminer. Ainsi propulsé patron, il épouse au passage la veuve de sa victime.',NULL,5),(15,'Carrie au bal du diable',1976,'https://encrypted-tbn1.gstatic.com/images?q=tbn:ANd9GcTISmlScKLWMudRwmA_aYzJsxXYf5wre9NSNieU_HATHpHm5E8a','','Horreur','Tourmentée par une mère névrosée et tyrannique, la vie n\'est pas rose pour Carrie. D\'autant plus qu\'elle est la tête de turc des filles du collège. Elle ne fait que subir et ne peut rendre les coups, jusqu\'à ce qu\'elle ne se découvre un étrange pouvoir surnaturel.',NULL,5),(16,'Mission to Mars',2000,'https://fr.web.img3.acsta.net/medias/nmedia/18/85/98/03/19816213.jpg','','Science-fiction','2020. La NASA envoie pour la première fois une équipe d\'astronautes sur Mars, mais, peu de temps après leur arrivée, ils sont confrontés à un phénomène surnaturel d\'une puissance terrifiante et toutes les communications sont coupées. Une deuxième mission est envoyée à leur recherche.',NULL,5),(17,'Les incorruptibles',1987,'https://fr.web.img6.acsta.net/pictures/210/016/21001616_20130425155620673.jpg','','Gangster','À Chicago durant les années trente, lors de la prohibition, Al Capone règne en maître absolu sur le réseau de vente illégale d\'alcool. Décidé à mettre un terme au trafic et à confondre Al Capone, l\'agent Eliot Ness recrute trois hommes de confiance, aussi intraitables que lui. Ensemble, les quatre incorruptibles partent en guerre contre le gang de Capone.',NULL,5),(18,'Memento',2000,'https://encrypted-tbn0.gstatic.com/images?q=tbn:ANd9GcSMXi9Q3fjEAU4tsDq5aKm7o4O8FYA6rgYAGnh3Y-V9CjAikfvl','','Thriller','Leonard Shelby ne porte que des costumes de grands couturiers et ne se déplace qu\'au volant de sa Jaguar. En revanche, il habite dans des motels miteux et règle ses notes avec d\'épaisses liasses de billets.Leonard n\'a qu\'une idée en tête : traquer l\'homme qui a violé et assassiné sa femme afin de se venger. Sa recherche du meurtrier est rendue plus difficile par le fait qu\'il souffre d\'une forme rare et incurable d\'amnésie.','',2),(19,'Insomnia',2002,'https://fr.web.img6.acsta.net/medias/nmedia/00/02/50/25/affiche.jpg','','Policier','Will Dormer, un as de la Crim\', part en compagnie de son coéquipier pour l\'Alaska, là où le soleil ne se couche jamais, afin d\'aider les policiers locaux à résoudre le meurtre d\'une jeune fille.','',2),(20,'Le prestige',2006,'https://fr.web.img6.acsta.net/medias/nmedia/18/62/84/94/18680369.jpg','','Thriller, dram, fantastique','Deux magiciens du 19e siècle s\'engagent dans une lutte sans merci non seulement pour se surpasser l\'un l\'autre, mais pour détruire l\'adversaire. L\'un deux est accusé du meurtre de son rival qui s\'est noyé au cours d\'un tour de magie, après être tombé d\'une trappe dans une cuve remplie d\'eau et verrouillée, l\'exécution du tour ayant apparemment mal tourné.','',2),(21,'The dark knight',2008,'https://encrypted-tbn2.gstatic.com/images?q=tbn:ANd9GcQfQgYaGGkXDt_8WRcMPkaWGEF6KPKa2Sw53V5sksHO5V2XB7rl',NULL,'Super-héros, action','Batman est plus que jamais déterminé à éradiquer le crime organisé qui sème la terreur en ville. Epaulé par le lieutenant Jim Gordon et par le procureur de Gotham City, Harvey Dent, Batman voit son champ d\'action s\'élargir. La collaboration des trois hommes s\'avère très efficace et ne tarde pas à porter ses fruits jusqu\'à ce qu\'un criminel redoutable vienne plonger la ville de Gotham City dans le chaos.',NULL,2),(22,'Inception',2010,'https://media.senscritique.com/media/000004710747/source_big/Inception.jpg',NULL,'Thriller, Science-fiction','Dom Cobb est un voleur expérimenté dans l\'art périlleux de `l\'extraction\' : sa spécialité consiste à s\'approprier les secrets les plus précieux d\'un individu, enfouis au plus profond de son subconscient, pendant qu\'il rêve et que son esprit est particulièrement vulnérable. Très recherché pour ses talents dans l\'univers trouble de l\'espionnage industriel, Cobb est aussi devenu un fugitif traqué dans le monde entier. Cependant, une ultime mission pourrait lui permettre de retrouver sa vie d\'avant.',NULL,2),(23,'The dark knight rises',2012,'https://encrypted-tbn1.gstatic.com/images?q=tbn:ANd9GcRIiLwO4ZCIQ4iLf-vwMlU_pBoGL92RS-QNJxg5hA-dUQCAVxdg',NULL,'Super-héros, action','Il y a huit ans, Batman a disparu dans la nuit : lui qui était un héros est alors devenu un fugitif. L\'arrivée d\'une féline et fourbe cambrioleuse au mystérieux dessein chamboule l\'ordre établi. Bien plus dangereuse encore est l\'apparition de Bane, terroriste masqué dont l\'impitoyable projet pour Gotham pousse Bruce à sortir de l\'exil qu\'il s\'est imposé. Mais bien qu\'il reprenne cape et masque, Batman pourrait ne pas être un adversaire à la taille de Bane...',NULL,2),(24,'Whiplash',2014,'https://encrypted-tbn1.gstatic.com/images?q=tbn:ANd9GcQ7e_MVHBfNOM8NmRXfAW_I3msYG9sGaKW-_bFxEmfZUU0euq77',NULL,'Drame','Ambitieux et perfectionniste, Andrew, 19 ans, rêve de devenir le meilleur batteur de jazz de sa génération. Élève au conservatoire de Manhattan, il serait prêt à tout donner, comme beaucoup de ses camarades, pour intégrer le cours d\'orchestre de Terence Fletcher, professeur tyrannique célèbre pour son amour de la perfection musicale. Par chance, lors d\'une répétition, Fletcher remarque Andrew et son talent encore brut.',NULL,0),(25,'La La Land',2016,'https://encrypted-tbn0.gstatic.com/images?q=tbn:ANd9GcQtNmwUmQ3wx_GPn1kfOmuQeygKeykNWwKVfkvEQg-6HG6cZ6pS',NULL,'Musical, Romance','Au coeur de Los Angeles, une actrice en devenir prénommée Mia sert des cafés entre des auditions. De son côté, Sebastian, passionné de jazz, joue du piano dans des clubs miteux pour assurer sa subsistance. Tous deux sont bien loin de la vie rêvée à laquelle ils aspirent, mais ils développent des sentiments amoureux l\'un pour l\'autre.',NULL,0),(26,'First man',2018,'https://encrypted-tbn3.gstatic.com/images?q=tbn:ANd9GcQI48wWJnxRekpPVOWmyHlpmEqXvkKdvZxOVPV4CsBCrOe0RGEP',NULL,'Drame, Biographie','Ce film raconte l\'odyssée vers la lune de la NASA. Le 16 juillet 1969, tous les regards sont dirigés vers Armstrong et ses collègues astronautes Buzz Aldrin et Michael Collins aui embarquent sur le vol spatial historique d\'Apollo 11.',NULL,0),(27,'The beach',2000,'https://upload.wikimedia.org/wikipedia/en/thumb/b/bc/The_Beach_film.jpg/200px-The_Beach_film.jpg',NULL,'Drame','Richard, jeune Américain, amateur de sensations inédites a choisi l\'Asie comme terrain d\'élection, dans l\'espoir d\'y vivre des aventures fortes et exaltantes. Dans un hôtel miteux de Bangkok boudé par les touristes, il fait la connaissance d\'un couple de Francais, Françoise et Etienne. Dans la nuit, un homme au regard halluciné fait irruption dans sa chambre et évoque une île secrète, une plage paradisiaque, où il aurait vécu plusieurs années au sein d\'une petite communauté d\'esprits libres.',NULL,7),(28,'Trainspotting',1996,'https://fr.web.img6.acsta.net/medias/nmedia/18/65/54/67/19816073.jpg',NULL,'Drame, Policier, Comedie noire','Edimbourg, dans les années 90. Mark Renton et ses amis Spud et Sick Boy se droguent à l\'héroïne. Quoique fort sensible au plaisir qu\'il éprouve ainsi, Mark décide toutefois de décrocher avant qu\'il ne soit trop tard. Il y parvient, non sans mal, et consacre alors son énergie retrouvée à séduire une lycéenne délurée. Il reprend cependant rapidement ses vieilles habitudes, au grand dam de Begbie, un ami alcoolique sujet à d\'effrayantes crises de violence.',NULL,7),(29,'28 jours plus tard',2003,'https://dkludovic.files.wordpress.com/2014/05/936full-28-days-later-poster.jpg',NULL,'Science-fiction, Post-apocalyptique','Un commando de la Protection Animale fait irruption dans un laboratoire top secret pour délivrer des dizaines de chimpanzés soumis à de terribles expériences. Mais aussitôt libérés, les primates, contaminés par un mystérieux virus et animés d\'une rage incontrôlable, bondissent sur leurs sauveurs et les massacrent. 28 jours plus tard, le mal s\'est répandu à une vitesse fulgurante à travers le pays. C\'est dans ce contexte que Jim, un coursier, sort d\'un profond coma...',NULL,7),(30,'Slumdog millionaire',2008,'https://encrypted-tbn3.gstatic.com/images?q=tbn:ANd9GcT1Hnvfmcm5p3Pc0rVo60N91sG5bzBYfX0Lg51DRlEgW5oXGEqp',NULL,'Drame','Depuis son enfance dans les bidonvilles de Mumbai, Jamal Malik poursuit son rêve : retrouver Latika, une jeune orpheline dont il est amoureux. Alors qu\'il commence à perdre espoir, il imagine une solution surprenante pour retrouver son amour : participer au plus grand show télévisé du pays, Qui veut gagner des millions ? . Il atteint la question finale à 20 millions de roupies mais il est arrêté par la police, qui le soupçonne de tricherie.',NULL,7),(31,'Requiem for a dream',2000,'https://fr.web.img6.acsta.net/medias/nmedia/00/00/00/84/69197536_af.jpg','','Drame','Harry Goldfarb est un jeune diplômé accro à l\'héroïne. Pour payer sa dope, il vole et revend le poste de télévision de sa mère, Sara, une veuve pauvre qui perd le sens du réel. Dépendante de la télé, celle-ci se gave d\'amphétamines pour maigrir et espère ainsi passer dans son émission préférée.',NULL,8),(32,'The fountain',2006,'https://fr.web.img2.acsta.net/medias/nmedia/18/35/87/06/18686128.jpg',NULL,'Drame','The Fountain raconte le combat à travers les âges d\'un homme pour sauver la femme qu\'il aime.Espagne, XVIe siècle. Le conquistador Tomas part en quête de la légendaire Fontaine de jouvence, censée offrir l\'immortalité.Aujourd\'hui. Un scientifique nommé Tommy Creo cherche désespérément le traitement capable de guérir le cancer qui ronge son épouse, Izzi.Au XXVIe siècle, Tom, un astronaute, voyage à travers l\'espace et prend peu à peu conscience des mystères qui le hantent depuis un millénaire.',NULL,8),(33,'The wrestler',2008,'https://fr.web.img3.acsta.net/medias/nmedia/18/66/65/97/19048777.jpg',NULL,'Drame','Randy The Ram Robinson est un catcheur sur le retour qui connaît une fin de carrière difficile. Alors qu\'il semble sur le point de raccrocher les gants définitivement, on lui propose un ultime match retour contre son vieil adversaire des années 80.',NULL,8),(34,'Black Swan',2011,'https://encrypted-tbn1.gstatic.com/images?q=tbn:ANd9GcQOW3WKMe8Yjp_8YhoR45GLx2FLnddjcm0D-tu4tTbwFT1QP9yu',NULL,'Thriller','Thomas Leroy, le directeur du New York City Ballet, est à la recherche d\'une nouvelle danseuse étoile depuis qu\'il a décidé de se passer des services de la titulaire, Beth. Nina, depuis longtemps membre de la troupe, pense que son heure est venue. Une rivale inattendue se présente en la personne de la sensuelle Lily, nouvellement recrutée. Nina peut compter sur sa mère, Erica, une maîtresse-femme qui contrôle sa vie, pour intervenir auprès de Thomas.',NULL,8),(35,'Alien 3',1992,'https://fr.web.img3.acsta.net/pictures/17/06/29/12/09/200767.jpg',NULL,'Horreur, Science-fiction','Fiorina 161 est une planète morte, qui ne sert plus qu\'à abriter une poignée de détenus de droits communs très dangereux. C\'est la qu\'échoue Ripley, unique survivante d\'un carnage provoqué par les Aliens sur une lointaine planète. Rongée par l\'angoisse de voir le danger réapparaitre, elle ignore encore que l\'Alien est en elle...',NULL,9),(36,'Seven',1996,'https://fr.web.img2.acsta.net/medias/nmedia/18/35/91/33/19255605.jpg','','Thiller','Peu avant sa retraite, l\'inspecteur William Somerset, un flic désabusé, est chargé de faire équipe avec un jeune idéaliste, David Mills. Ils enquêtent tout d\'abord sur le meurtre d\'un homme obèse que son assassin a obligé à manger jusqu\'à ce que mort s\'ensuive. L\'enquête vient à peine de commencer qu\'un deuxième crime, tout aussi macabre, est commis, puis un troisième. Petit à petit, les deux policiers font le lien entre tous ces assassinats.',NULL,9),(37,'Fight Club',1999,'https://encrypted-tbn1.gstatic.com/images?q=tbn:ANd9GcTdLTXtlwgmOU3b9iXMccLmWsFVJlBxwG3PBodcNk2O3SfJx1Jx',NULL,'Drame, Thriller, Satire social','Jack est un jeune expert en assurance insomniaque, désillusionné par sa vie personnelle et professionnelle. Lorsque son médecin lui conseille de suivre une thérapie afin de relativiser son mal-être, il rencontre dans un groupe d\'entraide Marla avec qui il parvient à trouver un équilibre.',NULL,9),(38,'L\'étrange histoire de Benjamin Button',2008,'https://fr.web.img4.acsta.net/medias/nmedia/18/67/78/06/19028560.jpg',NULL,'Fantastique','Curieux destin que le mien\'. Ainsi commence l\'étrange histoire de Benjamin Button, cet homme qui naquit à 80 ans et vécut sa vie à l\'envers, sans pouvoir arrêter le cours du temps. Situé à La Nouvelle-Orléans et adapté d\'une nouvelle de F. Scott Fitzgerald, le film suit ses tribulations de 1918 à nos jours.',NULL,9),(39,'The social network',2010,'https://fr.web.img2.acsta.net/medias/nmedia/18/78/52/54/19534550.jpg',NULL,'Drame, Biographique','Une soirée bien arrosée d\'octobre 2003, Mark Zuckerberg, un étudiant qui vient de se faire plaquer par sa petite amie, pirate le système informatique de l\'université deHarvard pour créer un site, une base de données de toutes les filles du campus.',NULL,9),(40,'Incendies',2010,'https://fr.web.img2.acsta.net/medias/nmedia/18/77/19/59/19628698.jpg',NULL,'Drame','À la lecture du testament de leur mère, Jeanne et Simon se voient remettre deux enveloppes : l\'une destinée à un père qu\'ils croyaient mort, l\'autre à un frère dont ils ignoraient l\'existence. Jeanne voit dans ce legs la clé du silence de sa mère, enfermée dans un mutisme inexpliqué les semaines précédant sa mort. Elle décide immédiatement de partir au Moyen-Orient exhumer le passé de sa famille.',NULL,10),(41,'Sicario',2015,'https://encrypted-tbn1.gstatic.com/images?q=tbn:ANd9GcQiQu0cc7XVPXXgv3ti6Iz6HJtaspyXenlFFRFs8Pu9bnlpJkx4',NULL,'Plocier, Thriller','La zone frontalière entre les États-Unis et le Mexique est devenue un territoire de non-droit. Kate, une jeune recrue idéaliste du FBI, y est enrôlée pour aider un groupe d\'intervention d\'élite dirigé par un agent du gouvernement dans la lutte contre le trafic de drogues. Menée par un consultant énigmatique, l\'équipe se lance dans un périple clandestin, obligeant Kate à remettre en question ses convictions pour pouvoir survivre.',NULL,10),(42,'Arrival',2016,'https://encrypted-tbn2.gstatic.com/images?q=tbn:ANd9GcT4y1ixNvKZ9zbsjceEFDgU7Q8iRPnK8LYW5NfJ-VR2BqKS6sZC',NULL,'Science-fiction','Lorsque de mystérieux vaisseaux venus du fond de l\'espace surgissent un peu partout sur Terre, une équipe d\'experts est rassemblée sous la direction de la linguiste Louise Banks afin de tenter de comprendre leurs intentions. Face à l\'énigme que constituent leur présence et leurs messages mystérieux, les réactions dans le monde sont extrêmes et l\'humanité se retrouve bientôt au bord d\'une guerre absolue. Louise Banks et son équipe n\'ont que très peu de temps pour trouver des réponses.',NULL,10),(43,'Blade runner 2049',2017,'https://encrypted-tbn0.gstatic.com/images?q=tbn:ANd9GcR4T2DSZLl0J7Oz7UdQjxpK7oKqe-sdnSJZ3UgL6WVhW9fslQ8s',NULL,'Science-fiction','En 2049, la société est fragilisée par les nombreuses tensions entre les humains et leurs esclaves créés par bioingénierie. L\'officier K est un Blade Runner : il fait partie d\'une force d\'intervention d\'élite chargée de trouver et d\'éliminer ceux qui n\'obéissent pas aux ordres des humains. Lorsqu\'il découvre un secret enfoui depuis longtemps et capable de changer le monde, les plus hautes instances décident que c\'est à son tour d\'être traqué et éliminé.',NULL,10),(44,'Les évadés',1994,'https://encrypted-tbn0.gstatic.com/images?q=tbn:ANd9GcTaqbck_Vr9qiTAwDkR7ln02KPTkRLdNtIud5RR3WkRfvKo0tei',NULL,'Drame','En 1947, Andy Dufresne, un jeune banquier, est condamné à la prison à vie pour le meurtre de sa femme et de son amant. Ayant beau clamer son innocence, il est emprisonné à `Shawshank\', le pénitencier le plus sévère de l\'Etat du Maine. Il y fait la rencontre de Red, un homme désabusé, détenu depuis 20 ans. Commence alors une grande histoire d\'amitié entre les deux hommes.',NULL,11),(45,'The mist',2007,'https://fr.web.img2.acsta.net/medias/nmedia/18/64/63/20/18897681.jpg',NULL,'Horreur, Fantastique','Un orage très violent endommage la propriété de David Drayton, un artiste-illustrateur du Maine. Le lendemain matin, il remarque avec son fils Billy, neuf ans, qu\'une étrange brume opaque couvre une partie du lac. Tous deux se rendent en ville pour se ravitailler, mais une fois dans le supermarché, la brume, qui en vérité cache des créatures immondes et meurtrières, envahit le parking. Toute personne qui se risque à l\'extérieur subit une mort atroce.',NULL,11),(46,'La ligne verte',1999,'https://fr.web.img4.acsta.net/medias/nmedia/18/66/15/78/19254683.jpg',NULL,'Fantastique, Drame','Paul Edgecomb, pensionnaire centenaire d\'une maison de retraite, est hanté par ses souvenirs. Gardien-chef du pénitencier de Cold Mountain, en 1935, en Louisiane, il était chargé de veiller au bon déroulement des exécutions capitales au bloc E (la ligne verte) en s\'efforçant d\'adoucir les derniers moments des condamnés. Parmi eux se trouvait un colosse du nom de John Coffey, accusé du viol et du meurtre de deux fillettes.',NULL,11),(47,'La nuit des morts-vivants',1968,'https://upload.wikimedia.org/wikipedia/commons/thumb/4/48/Night_of_the_living_Dead_Logo.png/310px-Night_of_the_living_Dead_Logo.png',NULL,'Horreur','Une nuit, Barbara visite un cimetière et tombe nez à nez avec des morts vivants, assoifés de sang ! La jeune s\'enfuit et trouve refuge dans une ferme, auprès de Ben, un inconnu se cachant comme elle.',NULL,12),(48,'The weather man',2005,'https://fr.web.img6.acsta.net/medias/nmedia/18/35/51/53/18458770.jpg',NULL,'Comédie dramatique','Un présentateur météo fraîchement divorcé souhaite se réconcilier avec son ex-femme et ses enfants avant de partir travailler à New York.',NULL,13),(49,'Birdman',2014,'https://images-na.ssl-images-amazon.com/images/I/91Q9j8dDuoL._AC_SL1500_.jpg',NULL,'Comédie dramatique','À l\'époque où il incarnait un célèbre super-héros, Riggan Thomson était mondialement connu. De cette célébrité il ne reste plus grand-chose, et il tente aujourd\'hui de monter une pièce de théâtre à Broadway dans l\'espoir de renouer avec sa gloire perdue. Durant les quelques jours qui précèdent la première, il va devoir tout affronter : sa famille et ses proches, son passé, ses rêves et son ego. S\'il s\'en sort, le rideau a une chance de s\'ouvrir.',NULL,14),(50,'The revenant',2015,'https://encrypted-tbn0.gstatic.com/images?q=tbn:ANd9GcRSbKrzuLgsOUVmPEGXcHzwa-D5ke6hClKhr1cgl_VIaXBpVE7L',NULL,'Western','Durant une expédition dans une Amérique profondément sauvage, le légendaire trappeur Hugh Glass est brutalement attaqué par un ours et laissé pour mort par les membres de sa propre équipe. Dans sa quête de survie, Glass endure une souffrance inimaginable ainsi que la trahison de son homme de confiance, John Fitzgerald. Guidé par la volonté et l\'amour de sa famille, Glass doit affronter un hiver brutal dans une inexorable lutte pour survivre et trouver la rédemption.',NULL,14),(51,'Star Trek',2009,'https://www.scriptslug.com/assets/uploads/posters/_640x640_crop_center-center_85_none/star-trek-2009.jpg',NULL,'Science-fiction','La plus grande odyssée spatiale de tous les temps voit le jour dans le nouveau Star Trek, mettant en scène le premier voyage d\'un tout nouvel équipage à bord de l\'U.S.S. Enterprise, le vaisseau spatial le plus sophistiqué de l\'histoire.',NULL,15),(52,'Star Trek into darkness',2013,'',NULL,'Science-fiction','Alors qu\'il rentre à sa base, l\'équipage de l\'Enterprise doit faire face à des forces terroristes implacables au sein même de son organisation. L\'ennemi a fait exploser la flotte et tout ce qu\'elle représentait, plongeant notre monde dans le chaos.',NULL,15),(53,'Star Trek Beyond',2016,'https://encrypted-tbn0.gstatic.com/images?q=tbn:ANd9GcQvtcSnCOXx4y50p9aBJg3p4SNUfgq22FmqydxpA5BLfuw8npxW',NULL,'Science-fiction','Alors que le vaisseau U.S.S. Enterprise doit se rendre aux confins de l\'espace inexploré en mission de sauvetage, il subit une attaque de Krall, l\'ennemi impitoyable de la Fédération. Le vaisseau s\'écrase en catastrophe dans un endroit hostile inconnu et le capitaine Kirk, Spock et leur équipage se perdent de vue. Ils sont tous coincés, sans possibilité de s\'échapper.',NULL,15),(54,'Super 8',2011,'https://www.telerama.fr/sites/tr_master/files/bf2c561e-1672-49ee-a8c2-d934d17e786d_2.jpg',NULL,'Science-fiction','Été 1979, une petite ville de l\'Ohio. Alors qu\'ils tournent un film en super 8, un groupe d\'adolescents est témoin d\'une spectaculaire catastrophe ferroviaire. Ils ne tardent pas à comprendre qu\'il ne s\'agit pas d\'un accident. Peu après, des disparitions étonnantes et des événements inexplicables se produisent en ville, et la police tente de découvrir la vérité, une vérité qu\'aucun d\'entre eux n\'aurait pu imaginer.',NULL,15),(55,'The terminator',1984,'https://cineluctable.files.wordpress.com/2019/07/terminator.jpg?w=640',NULL,'Science-fiction','Un Terminator, robot d\'aspect humain, est envoyé d\'un futur où sa race livre aux hommes une guerre sans merci. Sa mission est de trouver et d\'éliminer Sarah Connor avant qu\'elle ne donne naissance à John, appelé à devenir le chef de la résistance. Cette dernière envoie un de ses membres, Reese, aux trousses du cyborg.',NULL,16),(56,'Aliens, le retour',1986,'https://fr.web.img6.acsta.net/pictures/17/06/29/12/12/066392.jpg',NULL,'Science-fiction','Après 57 ans de dérive dans l\'espace, Ellen Ripley est secourue par la corporation Weyland-Yutani. Malgré son rapport, elle n\'est pas prise au sérieux par les militaires quant à la présence de xénomorphes sur la planète LV-426 où se posa son équipage, planète où plusieurs familles de colons ont été envoyées en mission de terraformage. Après la disparition de ces derniers, Ripley décide d\'accompagner une escouade de marines dans leur mission de sauvetage et d\'affronter à nouveau la Bête.',NULL,16),(57,'Abyss',1989,'https://encrypted-tbn2.gstatic.com/images?q=tbn:ANd9GcTO6jDXE9IgqlZmyHGiEaZlsCKsc5f3jRHB5lQ8AyFoPL41qEYt',NULL,'Science-fiction','Heurté par un objet non identifié, Le Montana, un sous-marin nucléaire, se retrouve sur le rebord d\'une faille, à plusieurs centaines de mètres de profondeur. Pour explorer le bateau coulé, la marine américaine réquisitionne la plate-forme pétrolière expérimentale Deepcore. Quelques techniciens, emmenés par leur chef, ainsi que trois sauveteurs de la marine partent en reconnaissance au fond des mers, rejoindre l\'épave.',NULL,16),(58,'Terminator 2, the judgement day',1997,'https://www.telerama.fr/sites/tr_master/files/a8032881-ebfe-473b-9247-46851ed95315_2.jpg',NULL,'Science-fiction','Après l\'immense embrasement nucléaire du 29 août 1997, les rares humains survivants, menés par John Connor, luttent sans relâche contre l\'armée de robots dirigée par Skynet, un ordinateur surpuissant. Skynet tente d\'abord d\'éliminer Sarah Connor, la mère de John, grâce à un cyborg projeté en 1984, mais en vain. Il transfère alors dans le passé un deuxième robot, T1000, et l\'envoie à l\'époque où John Connor n\'était encore qu\'un enfant.',NULL,16),(59,'Down by law',1986,'https://i.pinimg.com/originals/ec/9f/6d/ec9f6d24198f8cd3c0634ed0ac640b0d.jpg',NULL,'Comédie dramatique','Dans le bayou, en Guyane, un monde de malchance et d\'ennuis pour Jack et Zack. Ces deux paumés se retrouvent en prison et rencontrent Roberto, rempli de l\'entrain qui leur manque. Il les entraîne à s\'évader.',NULL,17),(60,'Only lovers left alive',2013,'https://encrypted-tbn3.gstatic.com/images?q=tbn:ANd9GcTUY_hsa6Q3_uLpoD6sf0MyPyWqw99G2slH8tCxM8o2JYnScagk',NULL,'Fantastique','Adam, vampire et musicien underground passionné de guitares, vit reclus à Detroit. Voilà déjà plusieurs siècles que lui et l\'énigmatique Eve, également vampire et vivant à Tanger, s\'aiment profondément. Mais Adam est de moins en moins en phase avec le monde qui l\'entoure, tout comme Eve, fragilisée par l\'âpreté du monde moderne. Pour réconforter son amant, elle décide de le rejoindre à Detroit.',NULL,17),(61,'Night on earth',1991,'https://img.over-blog-kiwi.com/0/99/90/12/20190611/ob_f8eca5_night-earth.jpg',NULL,'Drame, Comédie','Aux quatre coins du monde, durant la même nuit, cinq séquences à bord de taxis se font écho. À Los Angeles, une directrice de casting propose un rôle à la conductrice. À New-York, une complicité se développe entre un chauffeur et son client. À Paris, un chauffeur noir échange avec une passagère aveugle. À Rome, un conducteur bavard fait des confidences à un prêtre. À Helsinki, trois fêtards embarquent à bord d\'un taxi.',NULL,17),(62,'Gremlins',1984,'https://encrypted-tbn2.gstatic.com/images?q=tbn:ANd9GcSO6mzV-LHkIgkw7N-Wy6lMkaTW3rOfeZvWUKK8FhGYbLWnPHN0',NULL,'Comédie, Horreur, Fantastique','Rand Peltzer offre à son fils Billy un étrange animal : un mogwai. Son ancien propriétaire l\'a bien mis en garde : il ne faut pas l\'exposer à la lumière, lui éviter tout contact avec l\'eau, et surtout, surtout ne jamais le nourrir après minuit sinon il pourrait y avoir des soucis.',NULL,18),(63,'L\'aventure intérieure',1987,'http://rockyrama.com/uploads/img/news/471-laventure-interieure-lodyssee-de-lespece/content/18930/noresize-poster-innerspace.png',NULL,'Science-fiction','Le lieutenant Pendleton se porte volontaire pour participer à une expérience ultra-risquée. Il va être miniaturisé puis placé aux commandes d\'un submersible de poche qui va être injecté dans l\'organisme d\'un lapin. Les choses ne tournent pas réellement comme prévu, et c\'est dans la fesse d\'un employé de supermarché que l\'intrépide lieutenant commence son voyage.',NULL,18),(64,'The burbs',1989,'https://cabanedeviante.files.wordpress.com/2017/01/les-banlieusards.jpg',NULL,'Comédie','Les voisins d\'une communauté tranquille de la banlieue américaine voient débarquer de nouveaux arrivants particulièrement mystérieux. Les résidents du quartier assouvissent leurs curiosité en espionnant leurs nouveaux voisins qui sont rapidement perçus comme de dangereux individus. Concoctant une série de plans de plus en plus bizarres pour découvrir la vérité, les voisins finissent par croire que la nouvelle famille fait partie d\'un culte cannibale.',NULL,18),(65,'Small soldiers',1998,'https://encrypted-tbn0.gstatic.com/images?q=tbn:ANd9GcTN0JxtHBMg1pw9NGsS3KGlVJ1HdYRatat6ONu65S0-Tdd03Fsx',NULL,'Fantastique','A Winslow Corners, paisible petite ville de l\'Ohio, Alan Abernathy, 15 ans, est amené à remplacer son père, en voyage d\'affaires, au magasin de jouets. Pour attirer l\'attention de la jolie Christy Fimple, dont il est amoureux, Alan prend sur lui de renouveler le stock et achète deux collections de figurines : un commando d\'élite et des monstres patauds, les Gorgonites. Mais il ignore que ces jouets ont été programmés pour s\'entretuer...',NULL,18),(66,'The fog',1980,'https://encrypted-tbn3.gstatic.com/images?q=tbn:ANd9GcSYvq33lyeQe2R-83EbvKdZk1G7mJhYfORGRKeBzKs1nUUe5bUE',NULL,'Horreur','1871, un navire fait naufrage au large de l\'île d\'Antonio Bay. L\'équipage disparaît avec le bateau. Il ne s\'agit pas d\'un accident, mais les quatre coupables voient leur effroyable crime dissimulé par une étrange brume. Un siècle plus tard, le passé refait surface et un mystérieux brouillard envahit de nouveau l\'île.',NULL,19),(67,'The thing',1982,'https://encrypted-tbn1.gstatic.com/images?q=tbn:ANd9GcTYkhxbucSFyszJb5fIsX4kJ7qZXDW4PsVqPhicfx6m2yLhpJF8',NULL,'Science-fiction, Horreur','En plein coeur de l\'Antarctique, une équipe de scientifiques découvre une créature gelée. Ramené à la vie, le monstre prend l\'apparence de toutes formes organiques et décime un à un les membres de l\'expédition.',NULL,19),(68,'The thing (2011)',2011,'https://fr.web.img5.acsta.net/medias/nmedia/18/79/83/49/19825652.jpg',NULL,'Science-fiction, Horreur','La paléontologue Kate Lloyd part en Antarctique rejoindre une équipe de scientifiques norvégiens qui a localisé un vaisseau extraterrestre emprisonné dans la glace. Elle y découvre un organisme qui semble s\'être éteint au moment du crash, de multiples années auparavant. Cependant, une manipulation élémentaire libère accidentellement la créature de sa prison glacée.',NULL,19),(69,'Paycheck',2003,'https://fr.web.img2.acsta.net/medias/nmedia/18/35/16/21/18370437.jpg',NULL,'Science-fiction','L\'ingénieur Michael Jennings travaille sur des projets top-secrets, commandités par des sociétés de haute technologie. À l\'issue de chaque mission, sa mémoire est effacée par contrat pour l\'empêcher de divulguer la moindre information. Cependant, cette fois-ci, l\'enveloppe ne contient aucun argent mais des objets hétéroclites, et la quasi-totalité de ses souvenirs a disparu. S\'engage alors une course contre la montre pour Jennings qui n\'a que quelques heures pour recomposer le puzzle de sa vie.',NULL,20),(70,'Volte-face',1997,'https://i.pinimg.com/originals/ae/88/86/ae8886fabf1283f456fa10d8b5e22e23.jpg',NULL,'Action','Castor Troy, dangereux terroriste, est tombé dans le coma à la suite d\'un affrontement avec Sean Archer, agent de la CIA. Grâce à une intervention chirurgicale, Archer prend le visage de Troy pour faire avouer au frère de ce dernier l\'emplacement d\'une bombe. Cependant Troy sort du coma et prend à son tour le visage d\'Archer.',NULL,20),(71,'2001 - A space odyssey',1968,'https://media.senscritique.com/media/000019230851/source_big/2001_L_Odyssee_de_l_espace.jpg',NULL,'Science-fiction, Anticipation','Durant l\'aube de l\'humanité, un groupe de singes découvre un monolithe parfait dans son campement. Les primates le touchent et deviennent intelligents. Quatre ans de travail pour cette suite de ballets de vaisseaux spatiaux sur fond de ciel noir et de Beau Danube bleu.',NULL,21),(72,'Orange mécanique',1971,'https://fr.web.img6.acsta.net/medias/nmedia/18/36/25/34/18465555.jpg',NULL,'Anticipation, Drame','Dans une Angleterre futuriste et inhumaine, un groupe d\'adolescents se déchaînent chaque nuit, frappant et violant d\'innocentes victimes. Alex, le leader du gang est arrêté et condamné à 14 ans de prison. Il accepte de se soumettre à une thérapie de choc destinée à faire reculer la criminalité.',NULL,21),(73,'Shining',1980,'https://i.pinimg.com/originals/24/c3/c7/24c3c74e1efe3469b04756163c62698f.jpg',NULL,'Horreur','Jack Torrance, gardien d\'un hôtel fermé l\'hiver, sa femme et son fils Danny s\'apprêtent à vivre de longs mois de solitude. Danny, qui possède un don de médium, le Shining, est effrayé à l\'idée d\'habiter ce lieu, théâtre marqué par de terribles évènements passés...',NULL,21),(74,'Full metal jacket',1987,'https://encrypted-tbn2.gstatic.com/images?q=tbn:ANd9GcQGVC7hEN4hkdudrhxshEs8WqsxFZk35eqJ2q9MX5iN35MvWE9d',NULL,'Drame, Guerre','Un camp d\'entraînement en Caroline du Nord, à la fin des années 60. Le sergent Hartman, du corps des marines, prend en main les nouvelles recrues, avec l\'ambition d\'en faire des machines à tuer. La guerre que les Etats-Unis mènent au Viêtnam nécessite en effet des soldats sans états d\'âme. Tous les moyens sont bons.',NULL,21),(75,'Barry Lyndon',1975,'https://fr.web.img6.acsta.net/medias/nmedia/18/36/14/49/18455746.jpg',NULL,'Historique, Comédie dramatique','Chassé de son Irlande natale après une série d\'exactions, Redmond Barry s\'engage dans l\'armée britannique et combat les Prussiens. La guerre finie, Redmond devient espion puis joueur professionnel. Il fréquente la haute société dont il apprend les usages et les bonnes manières. Ce talent lui permet de conquérir le coeur d\'une jeune veuve, la comtesse de Lyndon, dont le fils, lord Bullingdon, lui voue bientôt la plus vive animosité.',NULL,21),(76,'Taxi driver',1976,'https://www.telerama.fr/sites/tr_master/files/sheet_media/movie/4875/63375_404880.jpg',NULL,'Drame','Travis Bickle, un jeune homme du Midwest et ancien marine, est chauffeur de taxi de nuit à New York. Insomniaque et solitaire, il rencontre Betsy, une assistante du sénateur Charles Palantine, candidat à la présidentielle, mais elle le repousse après qu\'il l\'a emmenée voir un film pornographique. Confronté à la violence et à la perversion de la nuit new-yorkaise, il achète des armes au marché noir et s\'entraîne à les manier.',NULL,22),(77,'Les Affranchis',1990,'https://encrypted-tbn3.gstatic.com/images?q=tbn:ANd9GcRRQTgLAHxOl8p0wRWGTV4ClkHOsAsiOrys0RFc0AHkrs4f7Mg1',NULL,'Gangster','Dans les années 1950, à Brooklyn, le jeune Henry Hill a l\'occasion de réaliser son rêve : devenir gangster lorsqu\'un caïd local l\'intègre à son équipe. C\'est alors qu\'il rencontre James et Tommy, 2 truands d\'une rare brutalité. Impressionné, Henry s\'associe avec eux pour débuter un trafic très lucratif. Lorsqu\'il séduit la ravissante Karen, le jeune mafieux s\'imagine que plus rien ni personne ne pourra jamais lui résister.',NULL,22),(78,'Les infiltrés',2006,'https://fr.web.img6.acsta.net/medias/nmedia/18/36/21/63/18680971.jpg',NULL,'Policier','Frank Costello, un parrain de la mafia irlandaise, contrôle la ville de Boston depuis des décennies. Pour protéger ses arrières, il place un de ses hommes, le jeune Colin Sullivan, dans l\'unité des enquêtes spéciales de la police chargée de le faire tomber. Grâce à ce sous-marin, Costello est régulièrement informé des enquêtes le concernant et peut ainsi agir en conséquence.',NULL,22),(79,'Shutter island',2010,'https://fr.web.img4.acsta.net/medias/nmedia/18/69/96/84/19151192.jpg',NULL,'Thriller','En 1954, une meurtrière, extrêmement dangereuse, placée en centre de détention psychiatrique disparaît sur l\'île de Shutter Island. Deux officiers du corps fédéral des marshals, Teddy Daniels et Chuck Aule, sont envoyés sur place pour enquêter. Très vite, Teddy Daniels comprend que le personnel de l\'établissement cache quelque chose. Seul indice dont il dispose : un bout de papier sur lequel est griffonnée une suite de chiffres entrecoupée de lettres.',NULL,22),(80,'Le loup de Wall Street',2013,'https://fr.web.img6.acsta.net/pictures/210/604/21060483_20131125114549726.jpg',NULL,'Biopic','Sa licence de courtier en poche, et les narines déjà pleines de cocaïne, Jordan Belfort est prêt à conquérir Wall Street. Ce jour d\'octobre, un krach, le plus important depuis 1929, vient piétiner ses rêves de grandeur. C\'est finalement à Long Island qu\'il échoue et qu\'il monte sa propre affaire de courtage. Son créneau : le hors-cote. Sa méthode : l\'arnaque. Son équipe : des vendeurs ou des petits trafiquants.',NULL,22),(81,'La planète des Singes : L\'affrontement',2014,'https://www.telerama.fr/sites/tr_master/files/sheet_media/movie/483019/69289908_514839.jpg',NULL,'Science-fiction','Une nation de plus en plus nombreuse de singes évolués, dirigée par César, est menacée par un groupe d\'humains qui a survécu au virus dévastateur qui s\'est répandu dix ans plus tôt. Ils parviennent à une trêve fragile, mais de courte durée : les deux camps sont sur le point de se livrer une guerre qui décidera de l\'espèce dominante sur Terre.',NULL,23),(82,'La planète des Singes : Suprématie',2017,'https://encrypted-tbn2.gstatic.com/images?q=tbn:ANd9GcRVBhlc2ozdzEMKGm-l3yinjfRVF7NTCyu6qFEPQrA-9puCZF1k',NULL,'Science-fiction','Dans ce volet final de la trilogie, César, à la tête des Singes, doit défendre les siens contre une armée humaine prônant leur destruction. L\'issue du combat déterminera non seulement le destin de chaque espèce, mais aussi l\'avenir fragile de la planète.',NULL,23),(83,'La passion du Christ',2004,'https://encrypted-tbn1.gstatic.com/images?q=tbn:ANd9GcT-ldgxaGxH9kFlphPqDCbtw6XZDX_xtEMFw_MUapM4hccU-H5A',NULL,'Drame','Les 12 dernières heures de la vie du Christ. Rendu au Mont des Oliviers, Jésus prie après avoir partagé un dernier repas avec ses apôtres. Il résiste maintenant aux tentations de Satan. Trahi par Judas, Jésus est arrêté et emmené à Jérusalem, où les chefs des Pharisiens l\'accusent de blasphème et lui font un procès qui a pour issue sa condamnation à mort.',NULL,24),(84,'Apocalypto',2006,'https://fr.web.img2.acsta.net/medias/nmedia/18/36/26/80/18704297.jpg',NULL,'Aventure','La civilisation maya autrefois prospère est sur la voie de la décadence. Des escouades d\'hommes pillent les villages à la recherche de victimes à sacrifier à leurs dieux sanguinaires. Patte de jaguar, chef de village, mène une existence paisible avec les siens. Jusqu\'au jour où des soldats mayas envahissent et pillent leurs terres. Fait prisonnier, il est emmené dans une cité maya pour y être mis à mort.',NULL,24),(85,'Braveheart',1995,'https://fr.web.img4.acsta.net/medias/nmedia/18/73/51/89/19209164.jpg',NULL,'Historique','L\'Ecosse, à la fin du XIIIe siècle. Edouard Ier, roi d\'Angleterre, s\'empare du trône après avoir réglé un conflit avec le personnage fantoche qu\'il y avait auparavant placé. Avec ses barons, il met très rapidement le pays en coupe réglée. William Wallace, dont la femme, comme tant d\'autres, a été exécutée par les Anglais, prend la tête d\'une révolte paysanne.',NULL,24),(86,'District 9',2009,'https://fr.web.img5.acsta.net/medias/nmedia/18/70/45/12/19149593.jpg','','Science-fiction','Il y a plus de 20 ans, des extraterrestres en panne de vaisseau au-dessus de l\'Afrique du Sud ont demandé asile aux Terriens. Ce droit accordé, ils ont été installés dans un camp de la banlieue de Johannesburg, le District 9. Au fil des ans, la situation s\'est dégradée. Leur camp est devenu un ghetto et le voisinage se montre de plus en plus hostile à leur égard.',NULL,25),(87,'Elysium',2013,'https://encrypted-tbn2.gstatic.com/images?q=tbn:ANd9GcScH5kGo_3B1-n0W6jClCHPmTlMwsuudOtFjmEsvQPcgdNIyk7a',NULL,'Science-fiction','En 2154, sur une Terre surpeuplée et dévastée, la population s\'entasse dans des bidonvilles, tentant d\'échapper à la violence d\'une société extrêmement inégalitaire. Les riches, eux, se sont réfugiés sur Elysium, une station spatiale ultra-moderne et luxueuse, où toutes les maladies sont devenus curables. Max, un homme ordinaire, est irradié au cours d\'une manipulation dans l\'usine où il travaille. En sursis, il cherche à se rendre sur Elysium afin d\'y être guéri.',NULL,25),(88,'Mary à tout prix',1998,'https://encrypted-tbn3.gstatic.com/images?q=tbn:ANd9GcR22CIPeA_a4yb7Xvtc2qX-6Xxvye15SAmxYXe8n_bAZekMHZg_',NULL,'Comédie','Ted, le loser, décide de retrouver son amour de jeunesse, la splendide Mary. Il engage un détective privé, Pat Healy, pour la retrouver. Persuadé qu\'il a affaire à un dégénéré, Healy file à Miami et retrouve Mary. Decidé à garder Mary pour lui, il raconte à Ted qu\'elle est devenue grosse, qu\'elle est paralytique et qu\'elle a quatre enfants. Mais Tucker, un architecte, est également amoureux de Mary. Il va faire cause commune avec Healy pour se débarrasser de Ted.',NULL,26),(89,'Fous d\'Irène',2000,'https://media.senscritique.com/media/000012325142/source_big/Fous_d_Irene.jpg',NULL,'Comédie','Charlie Baileygates est un policier souffrant de troubles de la personnalité. Après avoir suivi un traitement médical, il se voit confier la mission d\'escorter Irène Waters dans un autre État, où elle est recherchée pour une violation du code de la route. Mais Charlie entame ce voyage en oubliant ses médicaments, permettant par la même à son alter ego dérangé, Hank, de refaire surface.',NULL,26),(90,'L\'amour extra-large',2001,'https://encrypted-tbn1.gstatic.com/images?q=tbn:ANd9GcRD2zjTAOMO6oNA-EhA-lwTAu5GYs6SRfh6tuBS2XgZd-qQGb_z',NULL,'Comédie','Hal Larsen est le type superficiel par excellence. Pas question pour lui de sortir avec autre chose qu\'un canon. Mais voici qu\'une séance d\'hypnose improvisée change radicalement sa vision des femmes : il voit enfin leur beauté intérieure. Hal voit alors en Rosemary, qui pèse plus de 135 kilos et travaille dans l\'humanitaire, la femme la plus belle du monde. Il tombe aussitôt amoureux d\'elle.',NULL,26),(91,'Green book - Sur les routes du Sud',2018,'https://encrypted-tbn3.gstatic.com/images?q=tbn:ANd9GcRh0ntWsUvzMHzWmxH9J7XqfXxTCavYF3HTKsTVK7klql1Cw64j',NULL,'Biopic','En 1962, alors que règne la ségrégation, Tony Lip, un videur italo-américain du Bronx, est engagé pour conduire et protéger le Dr Don Shirley, un pianiste noir de renommée mondiale, lors d\'une tournée de concerts. Durant leur périple de Manhattan jusqu\'au Sud profond, ils doivent se confronter aux humiliations, perceptions et persécutions, tout en devant trouver des établissements accueillant les personnes de couleurs.',NULL,26),(92,'The Truman show',1998,'https://media.senscritique.com/media/000007138610/source_big/The_Truman_Show.jpg',NULL,'Comédie dramatique','Truman Burbank mène une vie calme et heureuse. Il habite dans un petit pavillon propret de la radieuse station balnéaire de Seahaven.',NULL,27),(93,'Le cercle des poètes disparus',1989,'https://encrypted-tbn2.gstatic.com/images?q=tbn:ANd9GcT-0iai9NIsPQCEzIgSu977uqKXrS0IjbIUIXvFAhxNJcrHVvXU','','Drame','Todd Anderson, un garçon plutôt timide, est envoyé dans la prestigieuse académie de Welton, réputée pour être l\'une des plus fermées et austères des États-Unis, là où son frère avait connu de brillantes études. C\'est dans cette université qu\'il va faire la rencontre d\'un professeur de lettres anglaises plutôt étrange, Mr Keating, qui les encourage à toujours refuser l\'ordre établi. Les cours de Mr Keating vont bouleverser la vie de l\'étudiant réservé et de ses amis.',NULL,27),(94,'Jackie Brown',1998,'https://fr.web.img6.acsta.net/medias/04/05/00/040500_af.jpg','','Thriller','Jackie Brown, hôtesse de l\'air, arrondit ses fins de mois en convoyant de l\'argent liquide pour le compte d\'un trafiquant d\'armes, Ordell Robbie. Un jour, un agent fédéral et un policier de Los Angeles la cueillent à l\'aéroport. Ils comptent sur elle pour faire tomber le trafiquant. Jackie échafaude alors un plan audacieux pour doubler tout le monde lors d\'un transfert impliquant une somme de cinq cent mille dollars.',NULL,1),(95,'Alien, le huitième passager',1979,'https://fr.web.img3.acsta.net/medias/nmedia/18/35/14/60/18363837.jpg','','Horreur, Science-fiction','Durant le voyage de retour d\'un immense cargo spatial en mission commerciale de routine, ses passagers, cinq hommes et deux femmes plongés en hibernation, sont tirés de leur léthargie dix mois plus tôt que prévu par Mother, l\'ordinateur de bord. Ce dernier a en effet capté dans le silence interplanétaire des signaux sonores, et suivant une certaine clause du contrat de navigation, les astronautes sont chargés de prospecter tout indice de vie dans l\'espace.',NULL,28),(96,'Blade runner',1982,'https://encrypted-tbn2.gstatic.com/images?q=tbn:ANd9GcQMoxiiLRTgdGuqVxbIRet6cGNwvgjQDYJR6uSaFKT7YQ8LKfvd',NULL,'Scienc-fiction, Action, Thriller','Dans les dernières années du 20e siècle, des milliers d\'hommes et de femmes partent à la conquête de l\'espace, fuyant les mégalopoles devenues insalubres. Sur les colonies, une nouvelle race d\'esclaves voit le jour : les répliquants, des androïdes que rien ne peut distinguer de l\'être humain. Cependant, suite à une révolte, ces derniers sont peu à peu retirés.',NULL,28),(97,'Thelma and Louise',1991,'https://encrypted-tbn3.gstatic.com/images?q=tbn:ANd9GcRPozEpVZwzy-BvOq6944iEBNHFJ_9cKPudEYcQsTXcZFPb7en7','','Road movie, Comédie dramatique','Thelma, une épouse frustrée, suit les conseils de son amie Louise et part avec elle pour un weekend entre femmes à la campagne. Sur la route, un homme essaye de violer Thelma. Louise le tue et intime à Thelma l\'ordre de ne pas prévenir la police. Les deux femmes partent en cavale et tentent de rejoindre la frontière du Mexique.',NULL,28),(98,'Black hawk down',2001,'https://fr.web.img6.acsta.net/medias/nmedia/00/02/38/61/affauconnoir.jpg',NULL,'Guerre','Dans le cadre d\'une mission de maintien de la paix mandatée par les Nations Unies, un groupe de jeunes soldats d\'élite est envoyé à Mogadiscio. Leur objectif : enlever les généraux d\'un chef de guerre somalien afin de mettre fin à la guerre civile qui mène le pays à la ruine.',NULL,28),(99,'Prometheus',2012,'https://encrypted-tbn2.gstatic.com/images?q=tbn:ANd9GcR7HcKlle7n7PA-ggGYPlYzLfhcKeAnPaOPZr1CINdobwOcf0gM','','Science-fiction','En 2093, des scientifiques cherchent à dépasser leurs limites mentales et physiques et tentent d\'explorer ce qu\'il y a au-delà du possible. Ils vont être amenés à découvrir un indice sur l\'origine de l\'humanité sur Terre. Cette découverte les entraîne dans un voyage fascinant jusqu\'aux recoins les plus sombres de l\'univers. Là-bas, un affrontement terrifiant qui décidera de l\'avenir de l\'humanité les attend.',NULL,28),(100,'The Martian',2015,'https://fr.web.img3.acsta.net/pictures/15/09/08/15/20/305329.jpg',NULL,'Science-fiction','Lors d\'une expédition sur Mars, l\'astronaute Mark Watney est laissé pour mort par ses coéquipiers, une tempête les ayant obligés à décoller en urgence. Mark a survécu et il est désormais seul, sans moyen de repartir, sur une planète hostile. Il va devoir faire appel à son intelligence et son ingéniosité pour tenter de survivre et trouver un moyen de contacter la Terre.',NULL,28),(101,'Alien covenant',2017,'https://fr.web.img2.acsta.net/pictures/17/03/30/20/52/133613.jpg',NULL,'Science-fiction','En route vers une planète située au bout de la galaxie, l\'équipage du vaisseau Covenant pense atterrir sur un paradis inexploré, mais découvre un monde sombre et dangereux, dont le seul habitant est l\'androïde David, survivant de l\'expédition maudite du Prometheus.',NULL,28),(112,'Stand by me',1986,'https://c8.alamy.com/compfr/d5rn7f/wil-wheaton-river-phoenix-jerry-o-connell-corey-feldman-stand-by-me-1986-d5rn7f.jpg',NULL,'Comédie dramatique','Un évènement peu ordinaire va marquer la vie du jeune Gordie Lachance. Au cours de l\'été 1959, un adolescent a disparu mystérieusement dans l\'Oregon. Gordie et ses inséparables copains, Chris, Teddy, et Vern savent qu\'il est mort pour avoir approché de trop près la voie ferrée. Un train l\'a heurté. Ils partent pour la grande forêt de Castle Rock à la recherche d\'informations.',NULL,29),(113,'Misery',1990,'https://fr.web.img2.acsta.net/medias/nmedia/00/02/52/19/misery.jpg',NULL,'Thiller','L\'écrivain Paul Sheldon doit sa gloire à ses romans à l\'eau de rose. Il vient d\'achever son dernier manuscrit où il détruit l\'image convenue de son héroïne Misery. Accidenté lors d\'une tempête de neige, Sheldon se retrouve hébergé par une admiratrice qui se révélera redoutable.',NULL,29),(114,'Quand Harry rencontre Sally',1989,'https://www.ecranlarge.com/uploads/image/001/123/nz0j9i1iln3w4niufjqjimxoka-591.jpg',NULL,'Comédie romantique','A la fin des années 60, Harry et Sally viennent de terminer, chacun de leur côté, leurs études. Harry profite de la voiture de Sally pour retourner sur la côte est. En chemin, il tente de la séduire mais elle le repousse. Cinq ans plus tard, ils se croisent par hasard dans un avion. Chacun a une liaison, heureuse en apparence. Cinq nouvelles années passent. Sally est seule à présent. Harry vient de divorcer.',NULL,29),(115,'Desperado',1995,'https://media.s-bol.com/R6YL3W2BM3MO/836x1200.jpg',NULL,'Action, Policier, Thriller, Western','El Mariachi, un mystérieux guitariste, parcourt le Mexique pour venger sa bien-aimée assassinée par le trafiquant de drogue El Bucho. L\'homme entame un long périple à travers le pays, au cours duquel il devra affronter un grand nombre d\'ennemis, échapper à plusieurs embuscades et laisser derrière lui pas mal de cadavres.',NULL,30),(116,'From dusk till down',1996,'https://encrypted-tbn2.gstatic.com/images?q=tbn:ANd9GcR3lDuIn1gnNfxa5v5YwE-eYROxvURG8j_HrUTseqqMDbFmhK5z',NULL,'Fantastique, Horreur, Comédie','Après le braquage sanglant d\'une banque, les frères Gecko font route vers la frontière mexicaine. Les deux criminels prennent en otage Jacob, un pasteur qui doute de sa foi depuis la mort de sa femme et voyage en compagnie de ses deux enfants, Kate et Scott, dans un camping-car. Ils échouent dans un bar mal famé où un complice doit leur fournir des faux papiers.',NULL,30),(117,'The faculty',1998,'https://image.tmdb.org/t/p/original/s9DIMklOm4VPK2JfDdyisXgFii2.jpg',NULL,'Science-fiction','Des lycéens trouvent l\'un de leurs professeurs tellement bizarre et inquiétant qu\'ils le soupçonnent d\'appartenir à une autre espèce, de venir d\'une autre planète.',NULL,30),(118,'Desperado 2',2003,'https://encrypted-tbn2.gstatic.com/images?q=tbn:ANd9GcQvEIX1Jw10lUNL3N1xK-zrIu0vVUvIQRBIC2K-R7pRrlPGfW-J',NULL,'Action, Policier, Thriller','Un agent de la CIA corrompu recrute un tueur tourmenté afin d\'empêcher des conspirateurs d\'assassiner le président du Mexique. Le Mariachi en profite pour se venger du meurtrier de sa famille.',NULL,30),(119,'Planet terror',2007,'https://fr.web.img4.acsta.net/medias/nmedia/18/64/19/33/18776013.jpg',NULL,'Comédie horrifique','Dans une petite ville, William et Dakota Block, un couple de médecins, constatent que leurs patients sont soudain frappés par la gangrène et affectés par un regard vide et inquiétant. De son côté, Cherry, go-go danseuse, s\'est fait arracher la jambe lors d\'une attaque. Wray, son ex-petit copain, veille sur elle. Mais Cherry a beau être au plus mal, elle n\'a pas dit son dernier mot.',NULL,30),(120,'Machete kills',2013,'https://images-na.ssl-images-amazon.com/images/I/91xu5Z05e%2BL._AC_SY550_.jpg',NULL,'Action','Le président des Etats-Unis confie une mission suicide à Machete : sauver le pays d\'un redoutable chef de cartel mexicain, qui menace d\'envoyer un missile nucléaire sur le sol américain.',NULL,30),(121,'Sin city, j\'ai tué pour elle',2014,'https://fr.web.img2.acsta.net/pictures/14/06/19/12/32/205316.jpg',NULL,'Thriller','Dwight, qui a sauvé la vie de Miho il y a quelques années, souhaite désormais éviter les difficultés. Son existence morne est bouleversée lorsqu\'il est contacté par son ex-petite amie Ava. Elle lui a brisé le c?ur quatre ans plus tôt.',NULL,30),(122,'Alita battle angel',2019,'https://fr.web.img6.acsta.net/pictures/18/12/20/17/14/4514778.jpg',NULL,'Science-fiction','Lorsqu\'Alita se réveille sans aucun souvenir de qui elle est, dans un futur qu\'elle ne reconnaît pas, elle est accueillie par Ido, un médecin qui comprend que derrière ce corps de cyborg abandonné, se cache une jeune femme au passé extraordinaire. Ce n\'est que lorsque les forces obscures et corrompues qui gèrent la ville d\'Iron City se lancent à sa poursuite qu\'Alita découvre la clé de son passé - elle a des capacités de combat uniques, que ceux qui détiennent le pouvoir veulent.',NULL,30),(149,'Forrest Gump',1994,'https://encrypted-tbn3.gstatic.com/images?q=tbn:ANd9GcT0NxVrYdi8Ro5zRnIbewaT_uCOl5_2uhxxyQoU6s9gOfEDovGi',NULL,'Comédie dramatique','Au fil des différents interlocuteurs qui viennent s\'asseoir tour à tour à côté de lui sur un banc, Forrest Gump raconte la fabuleuse histoire de sa vie. Sa vie est à l\'image d\'une plume qui se laisse porter par le vent, tout comme Forrest se laisse porter par les événements qu\'il traverse dans l\'Amérique de la seconde moitié du 20e siècle.',NULL,31),(150,'Contact',1997,'https://fr.web.img6.acsta.net/medias/nmedia/18/83/99/25/19721074.jpg','','Science-fiction','Ellie Arroway est une jeune scientifique, passionnée d\'astronomie, qui rêve de découvrir une forme de vie en dehors de notre système solaire. Après quatre années d\'efforts, elle reçoit un message des extraterrestres qui décrit les plans d\'un transporteur interstellaire.',NULL,31),(151,'Seul au monde',2000,'https://media.senscritique.com/media/000008646227/source_big/Seul_au_monde.jpg',NULL,'Drame','Chuck Noland, un cadre de Fedex, sillonne le monde pour améliorer les performances de son entreprise et la productivité de ses équipes. Il ne trouve la tranquillité qu\'auprès de sa compagne Kelly. Cependant, à la veille de Noël, il reçoit un appel lui annonçant qu\'il doit contrôler la livraison d\'un colis urgent pour la Malaisie.',NULL,31),(152,'Pirates des Caraïbes : La malediction du Black pearl',2003,'https://encrypted-tbn3.gstatic.com/images?q=tbn:ANd9GcRLvRljk8k-yyUFjNcJkkMecdjUTPrXheS9zpip7cZkcg1Xi4bF',NULL,'Fantastique, Aventure','Petite, Elizabeth Swann, la fille du gouverneur, a sauvé de la noyade Will Turner après le naufrage de son bateau. Les années ont passé, Will et Elizabeth ont grandi. Will est devenu forgeron à Port Royal, et Elizabeth se prépare à épouser le commodore Norrington. Cependant, la vie d\'Elizabeth bascule lorsque le capitaine Barbossa et sa bande de pirates décident d\'attaquer Port Royal et la prennent en otage. Malheureusement pour lui, Barbossa a commis deux erreurs.',NULL,13),(153,'Le pôle express',2004,'https://fr.web.img3.acsta.net/medias/nmedia/18/35/31/37/18396720.jpg',NULL,'Animation','Un jeune garçon qui se met à douter de l\'existence du père Noël monte dans un train mystérieux en partance pour le pôle Nord. À mesure que le Pôle Express s\'enfonce dans des contrées enchantées, l\'aventure est au rendez-vous et les jeunes passagers prennent conscience de l\'étendue de leurs dons.',NULL,31),(154,'Pirates des Caraïbes : Le secret du coffre maudit',2006,'https://encrypted-tbn1.gstatic.com/images?q=tbn:ANd9GcSh0arJamf7P2sJw6zz_yyvtDDRvv1QE8kUySIG0ta35nIza5kZ',NULL,'Fantastique, Aventure','Lorsque le pirate fantôme Davy Jones vient réclamer sa dette de sang à l\'excentrique capitaine Jack Sparrow, ce dernier cherche un moyen d\'échapper à ce cruel destin qui garantirait la damnation de son âme pour l\'éternité. L\'astucieux pirate parvient à interrompre le mariage des amis de Jack, Will Turner et Elizabeth Swann.',NULL,13),(155,'Pirates des Caraïbes : Jusqu\'au bout du monde',2007,'https://fr.web.img3.acsta.net/medias/nmedia/18/62/88/97/18754731.jpg','','Fantastique, Aventure','L\'âge d\'or de la piraterie touche à sa fin. Même le terrifiant Vaisseau Fantôme et son capitaine maudit Davy Jones servent à présent Lord Cutler Beckett et la Compagnie anglaise des Indes Orientales. L\'invincible Hollandais Volant écume désormais les sept mers, massacrant sans pitié pirates de tous bords et sabordant leurs navires.',NULL,13),(156,'Flight',2013,'https://encrypted-tbn2.gstatic.com/images?q=tbn:ANd9GcSoMkEmhvjq8cnQG8yDp_JcB_CTesczWS17_wslG2pru_3onaw6','','Drame','Après une nuit d\'ébats torrides, Whip Whitaker, pilote de ligne, se remet sur pied avec une bonne rasade d\'alcool et de coke. Dans deux heures, il doit être aux commandes du vol Orlando-Atlanta.',NULL,31),(157,'The walk',2015,'https://encrypted-tbn2.gstatic.com/images?q=tbn:ANd9GcRpIG1G2zVhhZrO1rDgL4nXKc6f_wN5HtyXw_IhBsWqorDZ_xvC','','Biopic','Au début des années 1970, le funambule Philippe Petit est connu pour avoir parcouru de longues distances sur un fil tendu au-dessus du vide. Il l\'a déjà fait à Notre-Dame de Paris, ou encore sur le Harbour Bridge de Sydney. En 1974, il se penche sur un nouveau projet encore plus fou. Il va tenter de réaliser son rêve : rejoindre sur un fil les deux tours du World Trade Center de New York, hautes de plus de 410 mètres.',NULL,31),(158,'A la poursuite du diamant vert',1984,'https://www.ecranlarge.com/uploads/image/001/123/jyvuh7qcsaysuyvdiievghgsrsc-296.jpg','','Aventure','Les romans d\'aventures de Joan Wilder rencontrent un énorme succès. Pourtant, dans la vie de tous les jours, Joan est tout sauf une aventurière. Elle serait plutôt une bonne petite New-Yorkaise confortablement installée et un peu parano sur les bords. Jusqu\'au jour où elle doit sauter dans un avion pour sauver sa soeur prisonnière de dangereux trafiquants en Colombie. Dans la jungle, elle fait la connaissance du baroudeur Jack Colton.',NULL,31),(159,'Qui veut la peau de Roger Rabbit',1988,'https://fr.web.img3.acsta.net/pictures/16/10/14/16/13/285008.jpg','','Comédie','Roger Rabbit est au 36e dessous. Autrefois sacré star du cinéma d\'animation, le lapin blanc est fortement préoccupé pendant les tournages depuis qu\'il soupçonne sa femme, la sublime Jessica Rabbit, de le tromper. Le studio qui emploie Roger décide d\'engager un privé, Eddie Valliant, pour découvrir ce qui se cache derrière cette histoire bien plus complexe qu\'il n\'y paraît.',NULL,31),(160,'Apparences',2000,'https://fr.web.img2.acsta.net/medias/04/76/62/047662_af.jpg',NULL,'Horreur','Le docteur Norman Spencer et sa femme Claire habitent une somptueuse résidence sur les berges d\'un lac de la Nouvelle-Angleterre. Tout va pour le mieux mais Claire se sent seule. Sa fille est partie à l\'université et son mari consacre tout son temps à ses recherches. Elle entend un jour gémir et pleurer sa nouvelle voisine, Mme Feur, et tente de prendre contact avec elle. Mais elle se heurte à M. Feur, qui lui refuse l\'accès à la maison.',NULL,31),(161,'The patriot',2000,'https://imgr.cineserie.com/2000/07/475462.jpg?imgeng=/f_jpg/cmpr_0/w_1000/h_1500/m_cropbox&ver=1','','Historique, Guerre','Caroline du Sud, 1776. La colère gronde dans les rangs des Indépendantistes. Il semble que la guerre contre les Anglais soit désormais inévitable. Benjamin Martin, père veuf de 7 enfants, ne sait que trop bien le prix d\'une guerre et s\'élève contre cette idée.',NULL,32),(162,'The day after tomorrow',2004,'https://fr.web.img3.acsta.net/medias/nmedia/18/35/21/02/18373869.jpg',NULL,'Catastrophe','Le climatologue Jack Hall avait prédit l\'arrivée d\'un autre âge de glace, mais n\'avait jamais pensé que cela se produirait de son vivant. Un changement climatique imprévu et violent à l\'échelle mondiale entraîne à travers toute la planète de gigantesques ravages : inondations, grêle, tornades et températures d\'une magnitude inédite.',NULL,32),(163,'Incassable',2000,'https://encrypted-tbn2.gstatic.com/images?q=tbn:ANd9GcS-zKNwr9Nf9TmFOoid3woEnPtkCfLp9skjLluYZTcOZVFS3QM9','','Thriller','Elijah Price souffre depuis sa naissance d\'une forme d\'ostéogénèse. S\'il reçoit le moindre choc, ses os cassent comme des brindilles. Depuis son enfance, il n\'a de cesse d\'admirer les superhéros, des personnages qui sont tout l\'opposé de lui-même. Un seul des passagers en sort indemne...',NULL,3),(164,'Sixième sens',1999,'https://fr.web.img6.acsta.net/medias/nmedia/18/66/15/77/19255607.jpg',NULL,'Horreur','Cole Sear, garcon de huit ans est hanté par un terrible secret. Il voit des fantômes. Trop jeune pour comprendre le pourquoi de ces apparitions et traumatisé par ces pouvoirs, Cole s\'enferme sur lui-même. Seul un psychologue pour enfants arrive à l\' approcher et communiquer avec lui.',NULL,3),(165,'The village',2004,'https://fr.web.img4.acsta.net/medias/nmedia/18/35/30/82/18384725.jpg',NULL,'Thriller, Fantastique','Une petite communauté isolée vit dans la terrifiante certitude qu\'une race de créatures mythiques peuple les bois entourant le village. Cette force maléfique est si menaçante que personne n\'ose s\'aventurer au-delà des dernières maisons, et encore moins pénétrer dans les bois. Le jeune Lucius Hunt, un garçon entêté, est cependant bien décidé à aller voir ce qui se cache par-delà des limites du village, et son audace menace de changer à jamais l\'avenir de tous.',NULL,3),(166,'Phénomènes',2008,'https://encrypted-tbn3.gstatic.com/images?q=tbn:ANd9GcTpWr-ytHMGKK68fXvx8ZySKsg01zdg1xhtv9SJPeea5_953Av5','','Catastrophe','Venu de nulle part, un phénomène inconnu frappe sans discernement. Il n\'y a aucun signe avant-coureur. En quelques minutes, des dizaines, des centaines de gens meurent dans des circonstances étranges, terrifiantes, totalement incompréhensibles.',NULL,3),(167,'The visit',2015,'https://fr.web.img6.acsta.net/pictures/15/06/12/17/18/261598.jpg','','Horreur','Abandonnés par leur père, les deux enfants vivent seuls avec leur mère. ... En découvrant que le vieux couple se livre à la nuit tombée à des activités plus que suspectes, les deux jeunes gens voient avec effroi leurs chances de rentrer chez leur mère s\'amenuiser de jour en jour.',NULL,3),(168,'Her',2013,'https://encrypted-tbn3.gstatic.com/images?q=tbn:ANd9GcQaPdYDb6X39dli7lNC_6kGGe2rR5yqQ3y_mIS1Dw05N4EeLlcL',NULL,'Romance, Anticipation','En 2025 à Los Angeles, Theodore travaille pour un site web comme écrivain public, rédigeant des lettres manuscrites de toutes sortes - familiales, amoureuses, etc. - pour d\'autres. Son épouse Catherine et lui ont rompu depuis bientôt un an mais il ne se décide pas à signer les papiers du divorce. Dans un état de dépression qui perdure, il installe un nouveau système d\'exploitation OS1, auquel il donne une voix féminine.',NULL,33),(169,'Max et les maxi-monstres',2009,'https://encrypted-tbn1.gstatic.com/images?q=tbn:ANd9GcS52EKmJus6DBG75hH4noCTUBs3xfQHr8tirvXnpdOOhsDppxzr',NULL,'Fantastique, Aventure','Max, un garçon sensible et exubérant, se sent incompris chez lui. Après avoir été, une fois de plus, envoyé au lit sans souper, il s\'enfuit de la maison familiale et, au terme d\'un périple, atterrit dans un pays peuplé de mystérieuses et étranges créatures aux réactions imprévisibles. Ce sont les Maximonstres, qui attendent un chef capable de les diriger. Max, lui, rêve d\'un royaume sur lequel étendre son pouvoir.',NULL,33),(170,'Dans la peau de John Malkovich',1999,'https://media.senscritique.com/media/000006379705/source_big/Dans_la_peau_de_John_Malkovich.jpg',NULL,'Comédie, Fantastique, Drame','Raig Schwartz est marionnettiste de rue, mais ne parvient pas à vivre de son art. Lotte, son épouse, s\'intéresse beaucoup plus à ses animaux qu\'à lui. Devant leurs difficultes financières, le jeune homme trouve un emploi au septième étage du building de l\'entreprise Lester. En classant des dossiers, Craig découvre une porte dérobée et l\'emprunte. Celle-ci le conduit pour quinze minutes à l\'intérieur de John Malkovich.',NULL,33),(171,'Inside man',2006,'https://images-na.ssl-images-amazon.com/images/I/818rgCW7OBL._AC_SY879_.jpg','','Policier','Sous les traits de peintres en bâtiment, des braqueurs s\'attaquent à la prestigieuse Manhattan Trust Bank. Ils prennent en otages toutes les personnes présentes sur les lieux et les contraignent à revêtir la même combinaison qu\'eux. Un coffre intéresse tout particulièrement le cerveau de l\'opération. Dehors, la police déploie un impressionnant dispositif de sécurité pour appréhender les voleurs.',NULL,34),(172,'La 25eme heure',2002,'https://encrypted-tbn2.gstatic.com/images?q=tbn:ANd9GcRMvkJ-ZBye0RT57qfZROXiDUPbzPOwvLihFw0U2-SPwuK6QPtA',NULL,'Drame','Dernière soirée de fête en toute liberté pour Monty qui fut autrefois le roi de Manhattan ou plutôt le roi du traffic de drogue. Adieu donc à une vie de plaisir qui l\'avait aussi coupé de ses proches. Il est maintenant temps de franchir les portes du pénitencier d\'Otisville pour une durée de sept ans. C\'est son oncle mafieux russe, Nikolai, qui organise pour l\'occasion sa dernière soirée dans une boîte de nuit.',NULL,34),(173,'BlacKkKlansman',2018,'https://encrypted-tbn0.gstatic.com/images?q=tbn:ANd9GcSmjwdBkJn_y5f5aCQZi_jez13X-IUB6gOKmedOtubI63otNFZX',NULL,'Biopic, Policier, Drame','Au début des années 1970, plusieurs émeutes raciales éclatent dans les grandes villes des États-Unis. Ron Stallworth devient le premier officier noir américain du Colorado Springs Police Department, mais son arrivée est accueillie avec scepticisme, voire avec une franche hostilité. Prenant son courage à deux mains, Stallworth va tenter de faire bouger les lignes. Il se fixe alors une mission des plus périlleuses : infiltrer le Ku Klux Klan pour en dénoncer les exactions.',NULL,34),(174,'Shame',2011,'https://encrypted-tbn2.gstatic.com/images?q=tbn:ANd9GcT4cGOxzPvUIlUKd0zn1Dmz0Aodz6Ro3OfjLRC0SUOkZARopthO',NULL,'Drame','Brandon est un trentenaire new-yorkais, vivant seul et travaillant beaucoup. Son quotidien est dévoré par une seule obsession : le sexe. Quand sa soeur Sissy, chanteuse un peu paumée, arrive sans prévenir à New York pour s\'installer dans son appartement, Brandon aura de plus en plus de mal à dissimuler sa vraie vie.',NULL,35),(175,'Beetlejuice',1988,'https://encrypted-tbn0.gstatic.com/images?q=tbn:ANd9GcRUZMP5WickJD7JKZQ28ZhqxPEc-ctjXZcFeR3qSW4S5cSD2weO',NULL,'Fantastique, Comédie','Adam et Barbara Maitland connaissent un bonheur sans nuage dans leur jolie maison quand un accident de la route les expédie dans l\'autre monde. Devenus fantômes, ils reviennent hanter leur demeure. Cependant, leur calme est bientôt troublé par l\'arrivée des nouveaux propriétaires, une famille de bourgeois new-yorkais excentriques et bruyants. Adam et Barbara ont bien l\'intention de les faire déguerpir.',NULL,37),(176,'L\'histoire sans fin',1984,'https://fr.web.img4.acsta.net/medias/nmedia/18/36/25/30/18465541.jpg',NULL,'Fantastique','Depuis la mort de sa mère, Bastien, dix ans, s\'est replié sur lui-même et s\'est bâti un monde imaginaire nourri de romans d\'aventures qu\'il dévore. Un jour, il découvre dans la librairie de M. Koreander un livre intitulé `L\'histoire sans fin\', qu\'il dérobe. Dès les premières pages, Bastien se sent entraîné dans l\'univers merveilleux du pays fantastique.',NULL,38),(177,'Air Force One',1997,'https://p0.storage.canalblog.com/03/66/1349409/123494790_o.jpg',NULL,'Action','Un groupe de terroristes prend en otage les passagers de l\'Air Force One, l\'avion du président des Etats Unis, James Marshall. ce dernier, caché dans les soutes, a feint une évasion par la capsule de sauvetage. Tandis que s\'engagent des négociations tendues, lui seul peut encore agir pour sauver les siens et assurer la sécurité de son pays...',NULL,38),(178,'En pleine tempête',2000,'https://fr.web.img6.acsta.net/pictures/14/03/03/12/14/535991.jpg',NULL,'Catastrophe','De retour d\'une pêche décevante, Billy Tyne, capitaine du bateau Andrea Gail, décide de repartir en mer avant la fin de la saison de pêche. Tyne et son équipage de cinq hommes s\'aventurent dans la zone du cap Flemish, riche en poissons mais dépressionnaire et dangereuse. Mais les éléments semblent s\'acharner contre lui et son équipage : une terrible tempête se soulève, la plus grande jamais vue.',NULL,38),(179,'Scoop',2006,'https://fr.web.img6.acsta.net/medias/nmedia/18/36/35/35/18674307.jpg',NULL,'Comédie','L\'enquête du célèbre journaliste d\'investigation Joe Strombel, consacrée au Tueur au Tarot de Londres, tourne court quand il meurt de façon aussi soudaine qu\'inexplicable. Cependant rien, pas même la mort, ne peut arrêter Joe. A peine arrivé au purgatoire, il décide de transmettre ses toutes dernières informations à la plus charmante des étudiantes en journalisme : Sondra Pransky.',NULL,39),(180,'Mommy',2014,'https://encrypted-tbn3.gstatic.com/images?q=tbn:ANd9GcTK9fzAmkxYdoWVrqX1DfVy2fP3_G20rjuXqlstK_YWQuTyP0zl',NULL,'Drame','Dans la banlieue de Montréal, Diane Després, la quarantaine, veuve depuis trois ans, vit mal de ses chroniques du coeur dans un journal et des ménages qu\'elle fait. Son fils Steve, adolescent impulsif et hyperactif atteint du trouble de déficit de l\'attention, est placé dans un institut spécialisé. Lorsque ce dernier met le feu à la cafétéria du centre, Diane le reprend dans son modeste appartement. La cohabitation n\'est pas sans heurts.',NULL,40),(181,'J\'ai tué ma mère',2009,'https://encrypted-tbn0.gstatic.com/images?q=tbn:ANd9GcQdqivGLCB_nFmlLOfzfUOZ-MOSNL6T_Wr0KTtbid_6qBZdJ29F',NULL,'Biopic','Un jeune homosexuel a des problèmes avec sa mère.',NULL,40),(182,'Les amours imaginaires',2010,'https://fr.web.img2.acsta.net/medias/nmedia/18/77/73/38/19459837.jpg','','Comédie dramatique','Francis et Marie sont amis, dandys, célibataires et aventureux. Ils tombent tous les deux amoureux du même garçon, Nicolas, aussi délicat qu\'indéchiffrable. Le jeune homme devient leur obsession et bientôt un objet de rivalité entre eux. Francis et Marie se permettent tous les coups pour gagner le coeur du bel éphèbe et entament peu à peu leur belle amitié. En parallèle, des filles et des garçons monologuent sur l\'amour, ses peines et ses joies...',NULL,40),(183,'Les dents de la mer',1975,'https://encrypted-tbn0.gstatic.com/images?q=tbn:ANd9GcSACSHN7zTwny8ffk7LU3wsju2OdC-MK85JW8_9sqPkGJC-5Dxf',NULL,'Horreur','À quelques jours du début de la saison estivale, les habitants de la petite station balnéaire d\'Amity sont en émoi face à la découverte, sur le littoral, du corps atrocement mutilé d\'une jeune vacancière. Pour Martin Brody, le chef de la police, il ne fait aucun doute que la jeune fille a été victime d\'un requin. Il décide alors d\'interdire l\'accès des plages mais se heurte à l\'hostilité du maire, uniquement intéressé par l\'afflux des touristes.',NULL,36),(184,'Indiana Jones - Raiders of the lost Ark',1981,'https://fr.web.img4.acsta.net/medias/nmedia/00/02/49/18/affiche.jpg',NULL,'Aventure','Professeur d\'archéologie, Indiana Jones parcourt le monde à la recherche de trésors. Son rival, le Français René Belloq, travaille pour les nazis qui rêvent de retrouver l\'Arche d\'alliance contenant les Tables de la Loi. Or, feu le professeur Ravenwood, père de Marion, l\'ex-petite amie d\'Indiana Jones, détenait une médaille permettant de localiser l\'arche. Jones part sur les traces de Marion au Népal.',NULL,36),(185,'Indiana Jones and the temple of doom',1984,'https://fr.web.img3.acsta.net/medias/nmedia/18/65/88/36/18931015.jpg',NULL,'Aventure','L\'archéologue aventurier Indiana Jones est de retour. Il poursuit une terrible secte qui a dérobé un joyau sacré doté de pouvoirs fabuleux. Une chanteuse de cabaret et un époustouflant gamin l\'aideront a affronter les dangers les plus insensés.',NULL,36),(186,'Indiana Jones and the last crusade',1989,'https://i.pinimg.com/originals/ee/3c/80/ee3c80ceb52690a69b03f8ef689c8982.jpg',NULL,'Aventure','En 1912 dans l\'Utah, Indiana Jones, adolescent, surprend des pilleurs de trésors archéologiques avant d\'être poursuivi par les trafiquants. 26 ans plus tard, Jones apprend que son père, le professeur Henry Jones, parti à la recherche du Saint Graal, a disparu et il se rend alors à Venise où son père a été vu pour la dernière fois.',NULL,36),(187,'Indiana Jones and the kingdom of the crystal skull',2008,'https://encrypted-tbn3.gstatic.com/images?q=tbn:ANd9GcToR_uhgyww2lvXL_2xxE4jK2oWn3nH8tn3PmV7FV9G4EPI-hCu',NULL,'Aventure','En pleine guerre froide, le professeur Indiana Jones vient d\'être renvoyé de son université à cause de ses activités d\'archéologue. Il rencontre alors un jeune motard, Mutt, qui lui propose de le mettre sur la piste du crâne de cristal d\'Akator, une relique qui permettrait à son propriétaire de contrôler l\'univers mais des Russes, guidés par Irina Spalko, veulent eux aussi mettre la main sur la fameuse pièce.',NULL,36),(188,'E.T. - L\'extra-terrestre',1982,'https://encrypted-tbn1.gstatic.com/images?q=tbn:ANd9GcSV5O9PUahoMcrUOdrORPDRswRoQ0l1Qm1dxVo4lk9ykS4lb4Eg',NULL,'Science-fiction','Une soucoupe volante atterrit en pleine nuit près de Los Angeles. Quelques extraterrestres, envoyés sur Terre en mission d\'exploration botanique, sortent de l\'engin, mais un des leurs s\'aventure au-delà de la clairière où se trouve la navette. Celui-ci se dirige alors vers la ville. C\'est sa première découverte de la civilisation humaine. Bientôt traquée par des militaires et abandonnée par les siens, cette petite créature apeurée se nommant E.T. se réfugie dans une résidence de banlieue.',NULL,36),(189,'Hook ou la revanche du Capitaine Crochet',1992,'https://encrypted-tbn2.gstatic.com/images?q=tbn:ANd9GcRg9uWm5vO46Lxzl-UOc87gdyeNcSNq59md_b55hO1HK7dzS-Eq',NULL,'Aventure, Fantastique','Peter Pan est devenu adulte, malgré tout. Mais le Capitaine Crochet se venge et enlève ses enfants, forçant Peter à revenir au pays Imaginaire.',NULL,36),(190,'Jurassic Park',1993,'https://encrypted-tbn1.gstatic.com/images?q=tbn:ANd9GcQ5xfHUwT17Qp7ZX4I7MdwfEng0nBqwjCLALHYr4DLrIJQdTA4B',NULL,'Science-fiction','Ne pas réveiller le chat qui dort, c\'est ce que le milliardaire John Hammond aurait dû se rappeler avant de se lancer dans le clonage de dinosaures. C\'est à partir d\'une goutte de sang absorbée par un moustique fossilisé que John Hammond et son équipe ont réussi à faire renaître une dizaine d\'espèces de dinosaures.',NULL,36),(191,'Le monde perdu',1997,'https://fr.web.img2.acsta.net/medias/nmedia/00/02/11/66/affiche.jpg',NULL,'Science-fiction','Quatre ans après le terrible fiasco de son Jurassic Park, le milliardaire John Hammond rappelle le Dr Ian Malcolm pour l\'informer de son nouveau projet. Sur une île déserte, voisine du parc, vivent en liberté des centaines de dinosaures de toutes tailles et de toutes espèces. Ce sont des descendants des animaux clonés en laboratoire. D\'abord réticent, Ian se décide à rejoindre le docteur quand il apprend que sa fiancée fait partie de l\'expédition scientifique.',NULL,36),(192,'Catch me if you can',2002,'https://fr.web.img3.acsta.net/medias/nmedia/00/02/54/32/aff2.jpg',NULL,'Comédie dramatique','Frank Abagnale Jr croyait vivre dans une famille stable. Lorsqu\'il apprend que ses parents ont décidé de divorcer, il ne supporte pas la situation et, sous le choc, fugue. Bien vite confronté aux réalités de la vie en solitaire, il tente de s\'insérer, mais découvre qu\'il est plus facile d\'endosser de faux chèques que de travailler. Il prend l\'identité d\'un pilote de ligne et mène la belle vie. Un agent du FBI opiniâtre le suit à la trace en espérant un jour le coincer.',NULL,36),(193,'Minority report ',2002,'https://fr.web.img6.acsta.net/medias/nmedia/00/02/43/42/affiche.jpg',NULL,'Science-fiction, Policier','En 2054, la société du futur a éradiqué les crimes en se dotant d\'un système de prévention, détection et répression le plus sophistiqué du monde. Dissimulés de tous, trois extras-lucides transmettent les images des crimes à venir aux policiers de la Précrime. Cependant, un jour, John, le chef de brigade, reçoit l\'impossible : sa propre image assassinant un inconnu. Démarre alors une course contre la montre pour prouver son innocence.',NULL,36),(194,'Les aventures de Tintin - Le secret de la Licorne',2011,'https://www.ecranlarge.com/uploads/image/001/132/tnoptly0ywrcwgzdunhzx9ghtfz-456.jpg',NULL,'Aventure, Animation','Tintin est un jeune reporter belge accompagné de son chien blanc Milou. Il achète en Belgique une maquette de La Licorne à bon prix dans une brocante. ... Tintin rend visite à Sakharine au Château de Moulinsart, où il apprend qu\'il existe en réalité deux mêmes exemplaires de la maquette.',NULL,36),(195,'Le bon gros géant',2016,'https://encrypted-tbn3.gstatic.com/images?q=tbn:ANd9GcTQ7IrNkZ3Ty9kndfbyaEGOlbpTyaT9EBeVN9ZsgZzDDc_QHaIo',NULL,'Fantastique','Le Bon Gros Géant ne ressemble pas du tout aux autres habitants du Pays des Géants. Il n\'est pas très malin mais tout à fait adorable. À son arrivée au Pays des Géants, la petite Sophie, une enfant précoce de dix ans, a d\'abord peur de ce mystérieux géant qui l\'a emmenée dans sa grotte, mais elle va vite se rendre compte qu\'il est très gentil. Comme elle n\'a encore jamais vu de géant, elle a beaucoup de questions à lui poser.',NULL,36),(196,'Ready player one',2018,'https://encrypted-tbn0.gstatic.com/images?q=tbn:ANd9GcTTACxGGDo6oJ-lxVij5_VLEyT-FhPmjM76otRIaO3ZFt9_NVLc',NULL,'Science-fiction','En 2045, le monde est au bord du chaos. Les êtres humains se réfugient dans l\'OASIS, univers virtuel mis au point par le brillant et excentrique James Halliday. Avant de disparaître, celui-ci a décidé de léguer son immense fortune à quiconque découvrira l\'oeuf de Pâques numérique qu\'il a pris soin de dissimuler dans l\'OASIS. L\'appât du gain provoque une compétition planétaire.',NULL,36);
/*!40000 ALTER TABLE `movie` ENABLE KEYS */;
UNLOCK TABLES;

--
-- Table structure for table `movie_has_kind`
--

DROP TABLE IF EXISTS `movie_has_kind`;
/*!40101 SET @saved_cs_client     = @@character_set_client */;
/*!50503 SET character_set_client = utf8mb4 */;
CREATE TABLE `movie_has_kind` (
  `movie_id_movie` int NOT NULL,
  `movie_kind_id_user` int NOT NULL,
  PRIMARY KEY (`movie_id_movie`,`movie_kind_id_user`),
  KEY `fk_movie_has_movie_kind_movie_kind1_idx` (`movie_kind_id_user`),
  KEY `fk_movie_has_movie_kind_movie1_idx` (`movie_id_movie`),
  CONSTRAINT `fk_movie_has_movie_kind_movie1` FOREIGN KEY (`movie_id_movie`) REFERENCES `movie` (`id_movie`) ON DELETE CASCADE ON UPDATE CASCADE,
  CONSTRAINT `fk_movie_has_movie_kind_movie_kind1` FOREIGN KEY (`movie_kind_id_user`) REFERENCES `movie_kind` (`id_user`) ON DELETE CASCADE ON UPDATE CASCADE
) ENGINE=InnoDB DEFAULT CHARSET=utf8mb4 COLLATE=utf8mb4_0900_ai_ci;
/*!40101 SET character_set_client = @saved_cs_client */;

--
-- Dumping data for table `movie_has_kind`
--

LOCK TABLES `movie_has_kind` WRITE;
/*!40000 ALTER TABLE `movie_has_kind` DISABLE KEYS */;
INSERT INTO `movie_has_kind` VALUES (3,1),(10,1),(21,1),(23,1),(70,1),(115,1),(118,1),(120,1),(177,1),(19,2),(41,2),(78,2),(171,2),(173,2),(179,2),(193,2),(4,3),(5,3),(8,3),(9,3),(18,3),(20,3),(22,3),(34,3),(36,3),(37,3),(41,3),(45,3),(61,3),(79,3),(94,3),(96,3),(113,3),(121,3),(163,3),(165,3),(7,4),(50,4),(115,4),(118,4),(8,5),(9,5),(15,5),(35,5),(47,5),(62,5),(66,5),(67,5),(68,5),(73,5),(95,5),(116,5),(119,5),(160,5),(164,5),(167,5),(183,5),(61,6),(62,6),(64,6),(88,6),(89,6),(90,6),(116,6),(119,6),(159,6),(175,6),(179,6),(153,7),(194,7),(71,8),(72,8),(168,8),(12,9),(20,9),(24,9),(26,9),(27,9),(28,9),(30,9),(31,9),(32,9),(33,9),(37,9),(40,9),(44,9),(46,9),(72,9),(74,9),(76,9),(83,9),(93,9),(151,9),(156,9),(172,9),(173,9),(174,9),(180,9),(84,10),(152,10),(154,10),(155,10),(158,10),(169,10),(184,10),(185,10),(186,10),(187,10),(189,10),(194,10),(20,11),(38,11),(45,11),(46,11),(60,11),(62,11),(65,11),(116,11),(152,11),(154,11),(155,11),(165,11),(169,11),(170,11),(175,11),(176,11),(189,11),(195,11),(26,12),(39,12),(80,12),(91,12),(157,12),(173,12),(181,12),(162,13),(166,13),(178,13),(13,14),(1,15),(2,15),(14,15),(17,15),(77,15),(6,16),(11,16),(74,16),(98,16),(161,16),(11,17),(75,17),(85,17),(161,17),(25,18),(168,18),(25,19),(10,20),(16,20),(22,20),(29,20),(35,20),(42,20),(43,20),(51,20),(52,20),(53,20),(54,20),(55,20),(56,20),(57,20),(58,20),(63,20),(67,20),(68,20),(69,20),(71,20),(81,20),(82,20),(86,20),(87,20),(95,20),(96,20),(99,20),(100,20),(101,20),(117,20),(122,20),(150,20),(188,20),(190,20),(191,20),(193,20),(196,20),(29,21),(21,22),(23,22),(97,23),(48,24),(49,24),(59,24),(75,24),(92,24),(97,24),(112,24),(149,24),(170,24),(182,24),(192,24),(2,25),(28,25),(114,26);
/*!40000 ALTER TABLE `movie_has_kind` ENABLE KEYS */;
UNLOCK TABLES;

--
-- Table structure for table `movie_kind`
--

DROP TABLE IF EXISTS `movie_kind`;
/*!40101 SET @saved_cs_client     = @@character_set_client */;
/*!50503 SET character_set_client = utf8mb4 */;
CREATE TABLE `movie_kind` (
  `id_user` int NOT NULL AUTO_INCREMENT,
  `kind` varchar(100) DEFAULT NULL,
  PRIMARY KEY (`id_user`)
) ENGINE=InnoDB AUTO_INCREMENT=27 DEFAULT CHARSET=utf8mb4 COLLATE=utf8mb4_0900_ai_ci;
/*!40101 SET character_set_client = @saved_cs_client */;

--
-- Dumping data for table `movie_kind`
--

LOCK TABLES `movie_kind` WRITE;
/*!40000 ALTER TABLE `movie_kind` DISABLE KEYS */;
INSERT INTO `movie_kind` VALUES (1,'Action'),(2,'Policier'),(3,'Thriller'),(4,'Western'),(5,'Horreur'),(6,'Comédie'),(7,'Animation'),(8,'Anticipation'),(9,'Drame'),(10,'Aventure'),(11,'Fantastique'),(12,'Biopic'),(13,'Catastrophe'),(14,'Espionnage'),(15,'Gangster'),(16,'Guerre'),(17,'Historique'),(18,'Romance'),(19,'Musical'),(20,'Science-fiction'),(21,'Post-apocalypste'),(22,'Super-héros'),(23,'Road movie'),(24,'Comédie dramatique'),(25,'Comédie noire'),(26,'Comédie romantique');
/*!40000 ALTER TABLE `movie_kind` ENABLE KEYS */;
UNLOCK TABLES;

--
-- Table structure for table `seen_movie`
--

DROP TABLE IF EXISTS `seen_movie`;
/*!40101 SET @saved_cs_client     = @@character_set_client */;
/*!50503 SET character_set_client = utf8mb4 */;
CREATE TABLE `seen_movie` (
  `movie_id_movie` int NOT NULL,
  `user_id` int NOT NULL,
  PRIMARY KEY (`user_id`,`movie_id_movie`),
  KEY `fk_movie_has_user1_user1_idx` (`user_id`),
  KEY `fk_movie_has_user1_movie1_idx` (`movie_id_movie`),
  CONSTRAINT `fk_movie_has_user1_movie1` FOREIGN KEY (`movie_id_movie`) REFERENCES `movie` (`id_movie`) ON DELETE CASCADE ON UPDATE CASCADE,
  CONSTRAINT `fk_movie_has_user1_user1` FOREIGN KEY (`user_id`) REFERENCES `user` (`id`) ON DELETE CASCADE ON UPDATE CASCADE
) ENGINE=InnoDB DEFAULT CHARSET=utf8mb4 COLLATE=utf8mb4_0900_ai_ci;
/*!40101 SET character_set_client = @saved_cs_client */;

--
-- Dumping data for table `seen_movie`
--

LOCK TABLES `seen_movie` WRITE;
/*!40000 ALTER TABLE `seen_movie` DISABLE KEYS */;
INSERT INTO `seen_movie` VALUES (31,1),(75,8);
/*!40000 ALTER TABLE `seen_movie` ENABLE KEYS */;
UNLOCK TABLES;

--
-- Table structure for table `user`
--

DROP TABLE IF EXISTS `user`;
/*!40101 SET @saved_cs_client     = @@character_set_client */;
/*!50503 SET character_set_client = utf8mb4 */;
CREATE TABLE `user` (
  `id` int NOT NULL AUTO_INCREMENT,
  `firstname` varchar(100) DEFAULT NULL,
  `lastname` varchar(100) DEFAULT NULL,
  `mail` varchar(100) DEFAULT NULL,
  `password` varchar(100) DEFAULT NULL,
  `admin` tinyint NOT NULL,
  PRIMARY KEY (`id`)
) ENGINE=InnoDB AUTO_INCREMENT=9 DEFAULT CHARSET=utf8mb4 COLLATE=utf8mb4_0900_ai_ci;
/*!40101 SET character_set_client = @saved_cs_client */;

--
-- Dumping data for table `user`
--

LOCK TABLES `user` WRITE;
/*!40000 ALTER TABLE `user` DISABLE KEYS */;
INSERT INTO `user` VALUES (1,'Maxime','Lombardo','maxime.lombardo@gmail.com','$2b$07$uqw6Zotcwzio0GV29P/3wuAL0gBdiOw9Psl0Xk34fYZivhQijTI/W',1),(8,'Marie','Le Parc','marieleparc@hotmail.fr','$2b$07$cSR9zeiUBatVeKvtUd0WPemcHDjNQr1CH/yGEZgJ/rLbCPJeHZ6c.',0);
/*!40000 ALTER TABLE `user` ENABLE KEYS */;
UNLOCK TABLES;

--
-- Table structure for table `wished_movie`
--

DROP TABLE IF EXISTS `wished_movie`;
/*!40101 SET @saved_cs_client     = @@character_set_client */;
/*!50503 SET character_set_client = utf8mb4 */;
CREATE TABLE `wished_movie` (
  `movie_id_movie` int NOT NULL,
  `user_id` int NOT NULL,
  PRIMARY KEY (`user_id`,`movie_id_movie`),
  KEY `fk_movie_has_user_user1_idx` (`user_id`),
  KEY `fk_movie_has_user_movie_idx` (`movie_id_movie`)
) ENGINE=InnoDB DEFAULT CHARSET=utf8mb4 COLLATE=utf8mb4_0900_ai_ci;
/*!40101 SET character_set_client = @saved_cs_client */;

--
-- Dumping data for table `wished_movie`
--

LOCK TABLES `wished_movie` WRITE;
/*!40000 ALTER TABLE `wished_movie` DISABLE KEYS */;
INSERT INTO `wished_movie` VALUES (190,1),(1,8),(113,8),(157,8);
/*!40000 ALTER TABLE `wished_movie` ENABLE KEYS */;
UNLOCK TABLES;
/*!40103 SET TIME_ZONE=@OLD_TIME_ZONE */;

/*!40101 SET SQL_MODE=@OLD_SQL_MODE */;
/*!40014 SET FOREIGN_KEY_CHECKS=@OLD_FOREIGN_KEY_CHECKS */;
/*!40014 SET UNIQUE_CHECKS=@OLD_UNIQUE_CHECKS */;
/*!40101 SET CHARACTER_SET_CLIENT=@OLD_CHARACTER_SET_CLIENT */;
/*!40101 SET CHARACTER_SET_RESULTS=@OLD_CHARACTER_SET_RESULTS */;
/*!40101 SET COLLATION_CONNECTION=@OLD_COLLATION_CONNECTION */;
/*!40111 SET SQL_NOTES=@OLD_SQL_NOTES */;

-- Dump completed on 2020-11-01 17:48:45
